Time,AccX,AccY,AccZ,GyroX,GyroY,GyroZ,MagX,MagY,MagZ,QW,QX,QY,QZ,AltFilt,VelFilt,AccVertLiq,Tilt,Pressao,Servo,Gain1,Gain2,Estado
4452,-0.047,0.031,1.007,-0.061,0.305,0.183,0.000,0.000,0.000,1.0000,0.0000,0.0000,0.0000,-0.06,0.00,0.072,0.0,96045.8,0.00,0.000,0.000,2
4652,-0.046,0.031,1.004,-0.183,0.244,0.183,0.000,0.000,0.000,1.0000,0.0000,0.0000,0.0000,-0.01,0.00,0.043,0.0,96051.4,0.00,0.000,0.000,2
4852,-0.044,0.030,1.007,-0.122,0.305,0.122,0.000,0.000,0.000,1.0000,0.0000,0.0000,0.0000,-0.05,0.00,0.072,0.0,96048.6,0.00,0.000,0.000,2
5052,-0.044,0.031,1.005,-0.122,0.427,0.183,0.000,0.000,0.000,1.0000,0.0000,0.0000,0.0000,-0.07,0.00,0.048,0.0,96047.9,0.00,0.000,0.000,2
5252,-0.046,0.031,1.008,-0.183,0.305,0.183,0.000,0.000,0.000,1.0000,0.0000,0.0000,0.0000,-0.08,0.00,0.077,0.0,96050.1,0.00,0.000,0.000,2
5452,-0.046,0.031,1.005,-0.122,0.366,0.122,0.000,0.000,0.000,1.0000,0.0000,0.0000,0.0000,-0.08,0.00,0.048,0.0,96047.9,0.00,0.000,0.000,2
5652,-0.044,0.031,1.006,-0.061,0.244,0.244,0.000,0.000,0.000,1.0000,0.0000,0.0000,0.0000,-0.09,0.00,0.057,0.0,96048.6,0.00,0.000,0.000,2
5852,-0.044,0.031,1.005,-0.122,0.244,0.244,0.000,0.000,0.000,1.0000,0.0000,0.0000,0.0000,-0.09,0.00,0.053,0.0,96049.3,0.00,0.000,0.000,2
6052,-0.046,0.033,1.003,-0.183,0.305,0.244,0.000,0.000,0.000,1.0000,0.0000,0.0000,0.0000,-0.09,0.00,0.034,0.0,96049.3,0.00,0.000,0.000,2
6252,-0.045,0.030,1.005,-0.122,0.305,0.183,0.000,0.000,0.000,1.0000,0.0000,0.0000,0.0000,-0.09,0.00,0.053,0.0,96047.3,0.00,0.000,0.000,2
6452,-0.043,0.030,1.007,-0.183,0.244,0.244,0.000,0.000,0.000,1.0000,0.0000,0.0000,0.0000,-0.08,0.00,0.067,0.0,96045.8,0.00,0.000,0.000,2
6652,-0.046,0.031,1.007,-0.061,0.427,0.244,-60.264,260.827,147.676,0.9970,0.0230,-0.0227,-0.0710,-0.08,0.00,0.085,3.7,96046.5,0.00,0.000,0.000,2
6852,-0.045,0.031,1.004,-0.122,0.305,0.183,-60.264,260.827,147.676,0.9937,0.0164,-0.0230,-0.1086,-0.06,0.00,0.053,3.2,96047.9,0.00,0.000,0.000,2
7052,-0.043,0.030,1.006,-0.122,0.305,0.183,-60.264,260.827,147.676,0.9938,0.0147,-0.0210,-0.1085,-0.05,0.00,0.076,2.9,96045.3,0.00,0.000,0.000,2
7252,-0.045,0.031,1.003,-0.183,0.244,0.305,-60.264,260.827,147.676,0.9936,0.0159,-0.0239,-0.1090,-0.04,0.00,0.043,3.3,96049.4,0.00,0.000,0.000,2
7452,-0.046,0.030,1.005,-0.122,0.305,0.122,-60.264,260.827,147.676,0.9936,0.0160,-0.0241,-0.1090,-0.04,0.00,0.067,3.3,96052.3,0.00,0.000,0.000,2
7652,-0.045,0.031,1.008,-0.183,0.366,0.183,-60.264,260.827,147.676,0.9937,0.0164,-0.0238,-0.1087,-0.03,0.00,0.091,3.3,96048.0,0.00,0.000,0.000,2
7852,-0.044,0.031,1.004,-0.122,0.244,0.244,-60.264,260.827,147.676,0.9937,0.0158,-0.0220,-0.1088,-0.04,0.00,0.057,3.1,96052.7,0.00,0.000,0.000,2
8052,-0.044,0.029,1.005,-0.122,0.366,0.122,-60.264,260.827,147.676,0.9936,0.0157,-0.0229,-0.1091,-0.04,0.00,0.066,3.2,96052.2,0.00,0.000,0.000,2
8252,-0.045,0.029,1.007,-0.122,0.427,0.244,-60.264,260.827,147.676,0.9936,0.0154,-0.0228,-0.1091,-0.03,0.00,0.086,3.2,96050.8,0.00,0.000,0.000,2
8452,-0.045,0.030,1.003,-0.061,0.366,0.183,-60.264,260.827,147.676,0.9937,0.0158,-0.0224,-0.1088,-0.02,0.00,0.047,3.1,96041.5,0.00,0.000,0.000,2
8652,-0.045,0.029,1.005,-0.061,0.244,0.183,-60.264,260.827,147.676,0.9937,0.0154,-0.0221,-0.1089,-0.01,0.00,0.062,3.1,96047.2,0.00,0.000,0.000,2
8852,-0.044,0.030,1.008,0.000,0.366,0.122,-56.719,255.394,130.637,0.9940,0.0158,-0.0219,-0.1063,-0.01,0.00,0.090,3.1,96048.6,0.00,0.000,0.000,2
9052,-0.045,0.029,1.007,-0.122,0.305,0.183,-56.719,255.394,130.637,0.9940,0.0154,-0.0254,-0.1050,-0.01,0.00,0.086,3.4,96047.8,0.00,0.000,0.000,2
9252,-0.046,0.031,1.003,-0.061,0.305,0.183,-56.719,255.394,130.637,0.9940,0.0160,-0.0256,-0.1048,-0.02,0.00,0.048,3.5,96051.6,0.00,0.000,0.000,2
9452,-0.047,0.032,1.006,-0.183,0.244,0.244,-56.719,255.394,130.637,0.9940,0.0166,-0.0249,-0.1049,-0.02,0.00,0.073,3.4,96052.1,0.00,0.000,0.000,2
9652,-0.044,0.030,1.004,-0.122,0.244,0.183,-56.719,255.394,130.637,0.9941,0.0159,-0.0222,-0.1051,-0.02,0.00,0.057,3.1,96043.8,0.00,0.000,0.000,2
9852,-0.044,0.030,1.002,-0.061,0.366,0.183,-56.719,255.394,130.637,0.9942,0.0148,-0.0206,-0.1048,-0.01,0.00,0.038,2.9,96045.1,0.00,0.000,0.000,2
10052,-0.046,0.029,1.004,-0.122,0.366,0.244,-56.719,255.394,130.637,0.9940,0.0160,-0.0239,-0.1052,-0.01,0.00,0.052,3.3,96048.0,0.00,0.000,0.000,2
10252,-0.043,0.031,1.004,-0.122,0.305,0.183,-56.719,255.394,130.637,0.9941,0.0164,-0.0226,-0.1049,-0.01,0.00,0.052,3.2,96045.2,0.00,0.000,0.000,2
10452,-0.047,0.030,1.007,-0.122,0.366,0.183,-56.719,255.394,130.637,0.9940,0.0157,-0.0259,-0.1050,-0.01,0.00,0.087,3.5,96047.3,0.00,0.000,0.000,2
10652,-0.043,0.031,1.005,-0.122,0.305,0.244,-56.719,255.394,130.637,0.9942,0.0160,-0.0212,-0.1046,-0.01,0.00,0.066,3.0,96050.9,0.00,0.000,0.000,2
10852,-0.045,0.033,1.006,-0.061,0.244,0.244,-69.126,267.620,144.836,0.9921,0.0163,-0.0242,-0.1219,-0.00,0.00,0.073,3.3,96043.8,0.00,0.000,0.000,2
11052,-0.046,0.029,1.003,-0.061,0.305,0.183,-69.126,267.620,144.836,0.9921,0.0147,-0.0253,-0.1223,-0.00,0.00,0.048,3.4,96046.5,0.00,0.000,0.000,2
11252,-0.045,0.031,1.005,-0.122,0.305,0.183,-76.216,256.752,161.876,0.9902,0.0095,-0.0255,-0.1369,-0.01,0.00,0.063,3.1,96048.8,0.00,0.000,0.000,2
11452,-0.044,0.032,1.008,-0.061,0.305,0.183,-76.216,256.752,161.876,0.9898,0.0144,-0.0254,-0.1393,-0.01,0.00,0.091,3.3,96046.8,0.00,0.000,0.000,2
11652,-0.044,0.030,1.006,-0.061,0.244,0.122,-76.216,256.752,161.876,0.9898,0.0142,-0.0225,-0.1397,-0.01,0.00,0.071,3.0,96050.8,0.00,0.000,0.000,2
11852,-0.046,0.031,1.005,-0.122,0.244,0.244,-76.216,256.752,161.876,0.9898,0.0148,-0.0252,-0.1394,-0.01,0.00,0.063,3.3,96048.0,0.00,0.000,0.000,2
12052,-0.045,0.031,1.006,-0.183,0.244,0.183,-76.216,256.752,161.876,0.9898,0.0142,-0.0255,-0.1394,-0.01,0.00,0.077,3.4,96048.6,0.00,0.000,0.000,2
12252,-0.046,0.029,1.006,-0.122,0.305,0.244,-76.216,256.752,161.876,0.9898,0.0140,-0.0236,-0.1397,-0.01,0.00,0.077,3.1,96049.5,0.00,0.000,0.000,2
12452,-0.046,0.031,1.008,-0.122,0.366,0.122,-76.216,256.752,161.876,0.9898,0.0147,-0.0242,-0.1398,-0.01,0.00,0.096,3.2,96043.1,0.00,0.000,0.000,2
12652,-0.043,0.031,1.003,-0.061,0.244,0.244,-76.216,256.752,161.876,0.9899,0.0143,-0.0218,-0.1393,-0.01,0.00,0.042,3.0,96045.2,0.00,0.000,0.000,2
12852,-0.045,0.030,1.005,-0.122,0.427,0.183,-76.216,256.752,161.876,0.9899,0.0137,-0.0222,-0.1393,-0.02,0.00,0.062,3.0,96054.4,0.00,0.000,0.000,2
13052,-0.047,0.033,1.005,-0.061,0.305,0.183,-76.216,256.752,161.876,0.9898,0.0153,-0.0264,-0.1393,-0.02,0.00,0.068,3.5,96048.6,0.00,0.000,0.000,2
13252,-0.046,0.033,1.011,-0.183,0.305,0.244,-76.216,256.752,161.876,0.9898,0.0151,-0.0247,-0.1397,-0.02,0.00,0.121,3.3,96050.9,0.00,0.000,0.000,2
13452,-0.045,0.030,1.006,-0.122,0.366,0.305,-76.216,256.752,161.876,0.9898,0.0146,-0.0233,-0.1396,-0.02,0.00,0.076,3.1,96047.9,0.00,0.000,0.000,2
13652,-0.046,0.031,1.005,-0.061,0.366,0.122,-72.671,262.186,139.156,0.9910,0.0148,-0.0234,-0.1311,-0.02,0.00,0.067,3.2,96051.6,0.00,0.000,0.000,2
13852,-0.045,0.030,1.005,-0.061,0.305,0.244,-72.671,262.186,139.156,0.9910,0.0144,-0.0230,-0.1313,-0.02,0.00,0.062,3.1,96046.6,0.00,0.000,0.000,2
14052,-0.045,0.031,1.004,-0.122,0.305,0.244,-72.671,262.186,139.156,0.9911,0.0145,-0.0225,-0.1307,-0.01,0.00,0.053,3.1,96047.9,0.00,0.000,0.000,2
14252,-0.045,0.031,1.006,-0.061,0.305,0.244,-72.671,262.186,139.156,0.9910,0.0151,-0.0243,-0.1311,-0.01,0.00,0.072,3.3,96050.0,0.00,0.000,0.000,2
14452,-0.043,0.031,1.007,-0.122,0.183,0.183,-72.671,262.186,139.156,0.9910,0.0150,-0.0227,-0.1311,-0.01,0.00,0.086,3.1,96051.6,0.00,0.000,0.000,2
14652,-0.045,0.029,1.003,-0.061,0.305,0.183,-72.671,262.186,139.156,0.9911,0.0135,-0.0219,-0.1310,-0.01,0.00,0.043,2.9,96046.5,0.00,0.000,0.000,2
14852,-0.047,0.030,1.005,-0.061,0.183,0.244,-72.671,262.186,139.156,0.9909,0.0147,-0.0243,-0.1312,-0.01,0.00,0.068,3.3,96042.5,0.00,0.000,0.000,2
15052,-0.043,0.031,1.006,-0.122,0.305,0.244,-72.671,262.186,139.156,0.9910,0.0151,-0.0222,-0.1309,-0.01,0.00,0.076,3.1,96050.1,0.00,0.000,0.000,2
15252,-0.047,0.030,1.006,-0.122,0.305,0.183,-72.671,262.186,139.156,0.9909,0.0146,-0.0253,-0.1310,-0.00,0.00,0.072,3.3,96041.9,0.00,0.000,0.000,2
15452,-0.047,0.032,1.008,-0.122,0.427,0.244,-72.671,262.186,139.156,0.9911,0.0123,-0.0279,-0.1298,0.00,0.00,0.097,3.5,96045.3,0.00,0.000,0.000,2
15652,-0.044,0.031,1.005,-0.183,0.305,0.305,-72.671,262.186,139.156,0.9913,0.0092,-0.0239,-0.1291,0.01,0.00,0.067,2.9,96042.5,0.00,0.000,0.000,2
15852,-0.044,0.031,1.008,-0.183,0.366,0.244,-72.671,262.186,139.156,0.9913,0.0096,-0.0243,-0.1293,0.01,0.00,0.091,3.0,96048.0,0.00,0.000,0.000,2
16052,-0.045,0.029,1.003,-0.183,0.305,0.244,-72.671,262.186,139.156,0.9913,0.0081,-0.0244,-0.1294,0.01,0.00,0.047,2.9,96041.6,0.00,0.000,0.000,2
16252,-0.044,0.029,1.006,-0.122,0.305,0.183,-72.671,262.186,139.156,0.9913,0.0084,-0.0234,-0.1294,0.01,0.00,0.076,2.9,96042.6,0.00,0.000,0.000,2
16452,-0.044,0.030,1.003,-0.122,0.366,0.244,-72.671,262.186,139.156,0.9913,0.0086,-0.0240,-0.1292,0.01,0.00,0.047,2.9,96045.4,0.00,0.000,0.000,2
16652,-0.043,0.031,1.007,-0.122,0.366,0.305,-72.671,262.186,139.156,0.9913,0.0095,-0.0220,-0.1293,0.02,0.00,0.081,2.7,96047.4,0.00,0.000,0.000,2
16852,-0.046,0.030,1.006,-0.122,0.366,0.183,-72.671,262.186,139.156,0.9913,0.0084,-0.0246,-0.1293,0.02,0.00,0.077,3.0,96050.2,0.00,0.000,0.000,2
17052,-0.045,0.030,1.005,-0.122,0.427,0.244,-72.671,262.186,139.156,0.9912,0.0086,-0.0248,-0.1294,0.02,0.00,0.062,3.0,96045.4,0.00,0.000,0.000,2
17252,-0.046,0.030,1.006,-0.183,0.366,0.244,-72.671,262.186,139.156,0.9911,0.0104,-0.0272,-0.1298,0.02,0.00,0.072,3.3,96052.3,0.00,0.000,0.000,2
17452,-0.045,0.030,1.006,-0.183,0.244,0.305,-72.671,262.186,139.156,0.9913,0.0090,-0.0228,-0.1295,0.02,0.00,0.072,2.8,96045.3,0.00,0.000,0.000,2
17652,-0.046,0.031,1.005,-0.183,0.366,0.244,-72.671,262.186,139.156,0.9913,0.0091,-0.0250,-0.1290,0.02,0.00,0.063,3.1,96044.6,0.00,0.000,0.000,2
17852,-0.045,0.032,1.003,-0.061,0.427,0.183,-72.671,262.186,139.156,0.9912,0.0099,-0.0252,-0.1293,0.02,0.00,0.048,3.1,96048.8,0.00,0.000,0.000,2
18052,-0.045,0.032,1.004,-0.183,0.427,0.183,-72.671,262.186,139.156,0.9912,0.0101,-0.0260,-0.1292,0.01,0.00,0.058,3.2,96050.2,0.00,0.000,0.000,2
18252,-0.046,0.032,1.003,-0.183,0.488,0.122,-74.443,255.394,141.996,0.9906,0.0125,-0.0257,-0.1337,0.01,0.00,0.049,3.3,96049.4,0.00,0.000,0.000,2
18452,-0.047,0.031,1.004,-0.122,0.427,0.122,-74.443,255.394,141.996,0.9901,0.0147,-0.0246,-0.1371,0.01,0.00,0.058,3.3,96049.6,0.00,0.000,0.000,2
18652,-0.044,0.030,1.007,-0.061,0.366,0.122,-74.443,255.394,141.996,0.9901,0.0143,-0.0225,-0.1375,0.01,0.00,0.081,3.1,96046.8,0.00,0.000,0.000,2
18852,-0.044,0.033,1.004,-0.122,0.305,0.244,-74.443,255.394,141.996,0.9901,0.0154,-0.0232,-0.1373,0.01,0.00,0.053,3.2,96047.3,0.00,0.000,0.000,2
19052,-0.045,0.031,1.007,-0.061,0.305,0.183,-74.443,255.394,141.996,0.9901,0.0148,-0.0247,-0.1373,0.01,0.00,0.082,3.3,96048.3,0.00,0.000,0.000,2
19252,-0.045,0.031,1.005,-0.061,0.366,0.183,-74.443,255.394,141.996,0.9901,0.0145,-0.0235,-0.1378,0.01,0.00,0.067,3.2,96049.5,0.00,0.000,0.000,2
19452,-0.047,0.029,1.005,-0.122,0.305,0.183,-74.443,255.394,141.996,0.9901,0.0136,-0.0236,-0.1376,0.01,0.00,0.067,3.1,96043.8,0.00,0.000,0.000,2
19652,-0.046,0.030,1.007,-0.061,0.366,0.244,-74.443,255.394,141.996,0.9904,0.0088,-0.0254,-0.1358,0.01,0.00,0.081,3.1,96046.0,0.00,0.000,0.000,2
19852,-0.045,0.029,1.007,-0.122,0.244,0.244,-74.443,255.394,141.996,0.9904,0.0081,-0.0242,-0.1360,0.01,0.00,0.086,2.9,96050.9,0.00,0.000,0.000,2
20052,-0.044,0.032,1.002,-0.061,0.305,0.244,-74.443,255.394,141.996,0.9904,0.0102,-0.0254,-0.1357,0.01,0.00,0.038,3.1,96046.6,0.00,0.000,0.000,2
20252,-0.045,0.031,1.005,0.000,0.305,0.244,-74.443,255.394,141.996,0.9904,0.0095,-0.0239,-0.1358,0.01,0.00,0.067,3.0,96041.0,0.00,0.000,0.000,2
20452,-0.046,0.031,1.006,-0.183,0.366,0.122,-74.443,255.394,141.996,0.9904,0.0089,-0.0249,-0.1356,0.01,0.00,0.072,3.0,96048.8,0.00,0.000,0.000,2
20652,-0.045,0.030,1.007,-0.122,0.305,0.183,-67.353,260.827,141.996,0.9920,0.0125,-0.0254,-0.1231,0.01,0.00,0.082,3.2,96049.5,0.00,0.000,0.000,2
20852,-0.046,0.031,1.003,-0.061,0.366,0.183,-67.353,260.827,141.996,0.9924,0.0088,-0.0256,-0.1199,0.01,0.00,0.043,3.1,96044.0,0.00,0.000,0.000,2
21052,-0.043,0.031,1.005,-0.122,0.366,0.305,-67.353,260.827,141.996,0.9925,0.0090,-0.0235,-0.1197,0.01,0.00,0.062,2.9,96048.1,0.00,0.000,0.000,2
21252,-0.045,0.032,1.005,-0.061,0.305,0.183,-67.353,260.827,141.996,0.9925,0.0092,-0.0239,-0.1198,0.01,0.00,0.063,2.9,96050.4,0.00,0.000,0.000,2
21452,-0.045,0.032,1.004,-0.122,0.427,0.183,-67.353,260.827,141.996,0.9924,0.0118,-0.0209,-0.1208,0.01,0.00,0.058,2.8,96043.9,0.00,0.000,0.000,2
21652,-0.046,0.030,1.007,0.000,0.427,0.122,-67.353,260.827,141.996,0.9922,0.0138,-0.0218,-0.1219,0.01,0.00,0.081,3.0,96048.3,0.00,0.000,0.000,2
21852,-0.044,0.030,1.005,-0.061,0.305,0.244,-67.353,260.827,141.996,0.9925,0.0091,-0.0219,-0.1202,0.01,0.00,0.062,2.7,96048.8,0.00,0.000,0.000,2
22052,-0.046,0.031,1.004,-0.122,0.305,0.183,-67.353,260.827,141.996,0.9922,0.0156,-0.0231,-0.1215,0.01,0.00,0.053,3.2,96039.8,0.00,0.000,0.000,2
22252,-0.047,0.031,1.004,-0.122,0.244,0.244,-67.353,260.827,141.996,0.9921,0.0156,-0.0247,-0.1220,0.01,0.00,0.058,3.3,96049.5,0.00,0.000,0.000,2
22452,-0.045,0.031,1.007,-0.061,0.305,0.183,-67.353,260.827,141.996,0.9922,0.0148,-0.0223,-0.1218,0.01,0.00,0.086,3.1,96047.5,0.00,0.000,0.000,2
22652,-0.045,0.031,1.004,-0.122,0.366,0.122,-67.353,260.827,141.996,0.9922,0.0158,-0.0232,-0.1217,0.01,0.00,0.053,3.2,96046.8,0.00,0.000,0.000,2
22852,-0.046,0.031,1.005,-0.061,0.366,0.244,-67.353,260.827,141.996,0.9922,0.0148,-0.0264,-0.1213,0.01,0.00,0.063,3.5,96054.5,0.00,0.000,0.000,2
23052,-0.045,0.032,1.007,-0.183,0.244,0.183,-69.126,259.469,156.196,0.9917,0.0160,-0.0239,-0.1251,0.01,0.00,0.087,3.3,96049.6,0.00,0.000,0.000,2
23252,-0.046,0.031,1.007,-0.122,0.305,0.183,-69.126,259.469,156.196,0.9917,0.0153,-0.0253,-0.1253,0.01,0.00,0.082,3.4,96047.5,0.00,0.000,0.000,2
23452,-0.043,0.030,1.006,-0.183,0.305,0.244,-69.126,259.469,156.196,0.9917,0.0154,-0.0225,-0.1253,0.01,0.00,0.076,3.1,96046.7,0.00,0.000,0.000,2
23652,-0.046,0.029,1.006,-0.183,0.305,0.244,-69.126,259.469,156.196,0.9920,0.0094,-0.0216,-0.1241,0.01,0.00,0.072,2.7,96049.6,0.00,0.000,0.000,2
23852,-0.047,0.032,1.005,-0.061,0.366,0.183,-69.126,259.469,156.196,0.9920,0.0095,-0.0263,-0.1230,0.01,0.00,0.068,3.2,96048.2,0.00,0.000,0.000,2
24074,-0.044,0.032,1.005,-0.061,0.427,0.122,-72.671,267.620,139.156,0.9910,0.0281,-0.0058,-0.1307,0.00,0.00,0.051,3.3,96047.5,0.00,0.000,0.000,2
24252,-0.043,0.032,1.005,-0.122,0.244,0.183,-77.988,255.394,147.676,0.9895,0.0105,-0.0226,-0.1424,0.01,0.00,0.062,2.9,96046.1,0.00,0.000,0.000,2
24452,-0.045,0.030,1.006,-0.061,0.305,0.183,-77.988,255.394,147.676,0.9892,0.0142,-0.0239,-0.1438,0.01,0.00,0.072,3.2,96041.2,0.00,0.000,0.000,2
24652,-0.046,0.030,1.006,-0.122,0.427,0.244,-77.988,255.394,147.676,0.9895,0.0085,-0.0246,-0.1423,0.01,0.00,0.072,3.0,96050.2,0.00,0.000,0.000,2
24852,-0.045,0.032,1.003,-0.061,0.305,0.244,-77.988,255.394,147.676,0.9894,0.0121,-0.0223,-0.1430,0.01,0.00,0.048,2.9,96049.6,0.00,0.000,0.000,2
25052,-0.047,0.031,1.006,-0.122,0.305,0.305,-77.988,255.394,147.676,0.9892,0.0136,-0.0260,-0.1435,0.00,0.00,0.073,3.4,96049.8,0.00,0.000,0.000,2
25252,-0.046,0.030,1.001,-0.061,0.305,0.122,-72.671,251.318,150.516,0.9903,0.0147,-0.0239,-0.1363,0.01,0.00,0.029,3.2,96044.7,0.00,0.000,0.000,2
25452,-0.045,0.031,1.005,-0.122,0.366,0.183,-72.671,251.318,150.516,0.9903,0.0151,-0.0231,-0.1359,0.01,0.00,0.062,3.2,96046.8,0.00,0.000,0.000,2
25652,-0.047,0.030,1.004,-0.061,0.366,0.244,-72.671,251.318,150.516,0.9903,0.0126,-0.0275,-0.1355,0.00,0.00,0.058,3.5,96051.7,0.00,0.000,0.000,2
25852,-0.045,0.031,1.004,-0.183,0.305,0.244,-72.671,251.318,150.516,0.9904,0.0113,-0.0270,-0.1351,0.00,0.00,0.058,3.4,96045.4,0.00,0.000,0.000,2
26052,-0.045,0.031,1.007,-0.122,0.488,0.183,-72.671,251.318,150.516,0.9906,0.0090,-0.0242,-0.1341,0.01,0.00,0.082,3.0,96046.2,0.00,0.000,0.000,2
26252,-0.045,0.029,1.005,-0.183,0.366,0.183,-72.671,251.318,150.516,0.9906,0.0081,-0.0236,-0.1346,0.01,0.00,0.062,2.9,96046.8,0.00,0.000,0.000,2
26452,-0.044,0.032,1.004,-0.183,0.244,0.244,-72.671,251.318,150.516,0.9906,0.0094,-0.0234,-0.1342,0.01,0.00,0.053,2.9,96041.2,0.00,0.000,0.000,2
26652,-0.046,0.031,1.006,-0.061,0.305,0.244,-72.671,251.318,150.516,0.9906,0.0089,-0.0254,-0.1343,0.01,0.00,0.077,3.1,96046.1,0.00,0.000,0.000,2
26852,-0.046,0.032,1.007,-0.122,0.305,0.183,-72.671,251.318,150.516,0.9906,0.0091,-0.0252,-0.1342,0.01,0.00,0.087,3.1,96041.1,0.00,0.000,0.000,2
27052,-0.046,0.033,1.007,-0.122,0.366,0.244,-72.671,251.318,150.516,0.9906,0.0100,-0.0240,-0.1343,0.01,0.00,0.087,3.0,96046.1,0.00,0.000,0.000,2
27252,-0.045,0.030,1.005,-0.122,0.305,0.183,-72.671,251.318,150.516,0.9906,0.0090,-0.0259,-0.1343,0.01,0.00,0.062,3.1,96046.0,0.00,0.000,0.000,2
27452,-0.045,0.031,1.006,-0.122,0.305,0.122,-72.671,251.318,150.516,0.9906,0.0089,-0.0247,-0.1342,0.01,0.00,0.072,3.0,96046.1,0.00,0.000,0.000,2
27652,-0.046,0.030,1.007,-0.122,0.305,0.183,-72.671,251.318,150.516,0.9906,0.0088,-0.0236,-0.1346,0.01,0.00,0.082,2.9,96043.9,0.00,0.000,0.000,2
27852,-0.046,0.029,1.003,-0.061,0.366,0.183,-72.671,251.318,150.516,0.9906,0.0084,-0.0250,-0.1341,0.01,0.00,0.048,3.0,96047.4,0.00,0.000,0.000,2
28052,-0.044,0.028,1.004,-0.061,0.305,0.244,-72.671,251.318,150.516,0.9906,0.0078,-0.0243,-0.1345,0.01,0.00,0.052,2.9,96048.9,0.00,0.000,0.000,2
28252,-0.044,0.030,1.002,-0.061,0.366,0.244,-72.671,251.318,150.516,0.9905,0.0098,-0.0246,-0.1346,0.01,0.00,0.033,3.0,96049.0,0.00,0.000,0.000,2
28452,-0.046,0.032,1.005,-0.061,0.427,0.244,-72.671,251.318,150.516,0.9906,0.0096,-0.0250,-0.1341,0.01,0.00,0.063,3.1,96049.5,0.00,0.000,0.000,2
28652,-0.045,0.030,1.006,-0.061,0.305,0.122,-72.671,251.318,150.516,0.9906,0.0095,-0.0220,-0.1350,0.01,0.00,0.071,2.7,96050.3,0.00,0.000,0.000,2
28852,-0.045,0.033,1.002,-0.183,0.305,0.183,-72.671,251.318,150.516,0.9906,0.0098,-0.0247,-0.1340,0.01,0.00,0.039,3.0,96048.1,0.00,0.000,0.000,2
29052,-0.046,0.030,1.006,0.000,0.305,0.183,-72.671,251.318,150.516,0.9906,0.0085,-0.0247,-0.1342,0.01,0.00,0.072,3.0,96049.5,0.00,0.000,0.000,2
29252,-0.045,0.030,1.006,-0.061,0.366,0.122,-72.671,251.318,150.516,0.9906,0.0085,-0.0254,-0.1344,0.01,0.00,0.072,3.1,96050.4,0.00,0.000,0.000,2
29452,-0.048,0.031,1.004,-0.122,0.366,0.183,-72.671,251.318,150.516,0.9905,0.0100,-0.0275,-0.1345,0.01,0.00,0.059,3.3,96051.1,0.00,0.000,0.000,2
29652,-0.046,0.030,1.002,-0.122,0.244,0.366,-72.671,251.318,150.516,0.9905,0.0088,-0.0261,-0.1346,0.01,0.00,0.038,3.2,96047.5,0.00,0.000,0.000,2
29852,-0.046,0.031,1.005,-0.122,0.244,0.183,-60.264,260.827,141.996,0.9936,0.0163,-0.0253,-0.1087,0.01,0.00,0.067,3.4,96045.4,0.00,0.000,0.000,2
30052,-0.046,0.031,1.006,-0.183,0.427,0.183,-60.264,260.827,141.996,0.9936,0.0161,-0.0245,-0.1087,0.00,0.00,0.072,3.4,96049.5,0.00,0.000,0.000,2
30252,-0.045,0.032,1.007,-0.061,0.244,0.183,-60.264,260.827,141.996,0.9937,0.0161,-0.0239,-0.1087,0.00,0.00,0.086,3.3,96047.5,0.00,0.000,0.000,2
30452,-0.046,0.030,1.006,-0.122,0.366,0.183,-60.264,260.827,141.996,0.9936,0.0160,-0.0239,-0.1089,0.00,0.00,0.077,3.3,96048.9,0.00,0.000,0.000,2
30652,-0.046,0.030,1.006,-0.061,0.305,0.244,-60.264,260.827,141.996,0.9937,0.0159,-0.0233,-0.1088,0.00,0.00,0.072,3.2,96048.8,0.00,0.000,0.000,2
30852,-0.045,0.031,1.005,-0.122,0.305,0.183,-60.264,260.827,141.996,0.9937,0.0164,-0.0234,-0.1086,0.00,0.00,0.062,3.3,96050.3,0.00,0.000,0.000,2
31052,-0.045,0.033,1.004,-0.122,0.427,0.244,-60.264,260.827,141.996,0.9937,0.0164,-0.0234,-0.1086,0.00,0.00,0.058,3.3,96048.2,0.00,0.000,0.000,2
31252,-0.045,0.031,1.006,-0.183,0.244,0.244,-60.264,260.827,141.996,0.9937,0.0161,-0.0227,-0.1087,0.00,0.00,0.072,3.2,96046.1,0.00,0.000,0.000,2
31452,-0.047,0.031,1.006,-0.122,0.244,0.305,-60.264,260.827,141.996,0.9936,0.0166,-0.0242,-0.1087,0.00,0.00,0.073,3.4,96048.9,0.00,0.000,0.000,2
31652,-0.046,0.031,1.005,-0.122,0.305,0.244,-60.264,260.827,141.996,0.9937,0.0163,-0.0256,-0.1083,0.00,0.00,0.068,3.5,96053.2,0.00,0.000,0.000,2
31852,-0.046,0.030,1.005,-0.122,0.366,0.183,-60.264,260.827,141.996,0.9936,0.0159,-0.0257,-0.1086,0.00,0.00,0.063,3.5,96047.6,0.00,0.000,0.000,2
32052,-0.045,0.031,1.002,-0.122,0.366,0.122,-60.264,260.827,141.996,0.9938,0.0149,-0.0214,-0.1083,0.00,0.00,0.038,3.0,96046.1,0.00,0.000,0.000,2
32252,-0.046,0.031,1.002,-0.122,0.366,0.244,-77.988,252.677,159.036,0.9894,0.0094,-0.0249,-0.1428,0.00,0.00,0.039,3.1,96047.5,0.00,0.000,0.000,2
32452,-0.046,0.029,1.003,-0.122,0.366,0.183,-77.988,252.677,159.036,0.9893,0.0088,-0.0262,-0.1436,0.00,0.00,0.048,3.2,96046.3,0.00,0.000,0.000,2
32652,-0.047,0.029,1.005,0.000,0.183,0.244,-77.988,252.677,159.036,0.9893,0.0083,-0.0258,-0.1434,0.00,0.00,0.063,3.1,96047.5,0.00,0.000,0.000,2
32852,-0.045,0.032,1.006,-0.061,0.305,0.122,-77.988,252.677,159.036,0.9893,0.0099,-0.0253,-0.1432,0.01,0.00,0.077,3.1,96045.4,0.00,0.000,0.000,2
33052,-0.045,0.029,1.005,-0.061,0.305,0.183,-77.988,252.677,159.036,0.9893,0.0086,-0.0256,-0.1434,0.00,0.00,0.067,3.1,96053.2,0.00,0.000,0.000,2
33252,-0.046,0.030,1.005,-0.183,0.183,0.183,-77.988,252.677,159.036,0.9893,0.0090,-0.0260,-0.1434,0.00,0.00,0.062,3.2,96048.4,0.00,0.000,0.000,2
33452,-0.047,0.032,1.007,0.000,0.305,0.183,-77.988,252.677,159.036,0.9893,0.0100,-0.0267,-0.1431,0.00,0.00,0.087,3.3,96045.5,0.00,0.000,0.000,2
33652,-0.046,0.030,1.006,-0.122,0.366,0.122,-77.988,252.677,159.036,0.9893,0.0084,-0.0246,-0.1433,0.00,0.00,0.077,3.0,96045.4,0.00,0.000,0.000,2
33852,-0.045,0.031,1.007,0.000,0.244,0.244,-77.988,252.677,159.036,0.9893,0.0103,-0.0254,-0.1434,0.01,0.00,0.086,3.1,96045.5,0.00,0.000,0.000,2
34052,-0.044,0.030,1.003,-0.122,0.305,0.183,-77.988,252.677,159.036,0.9893,0.0089,-0.0247,-0.1434,0.00,0.00,0.047,3.0,96049.1,0.00,0.000,0.000,2
34252,-0.046,0.029,1.006,-0.061,0.366,0.244,-77.988,252.677,159.036,0.9893,0.0079,-0.0246,-0.1435,0.00,0.00,0.072,3.0,96044.0,0.00,0.000,0.000,2
34452,-0.045,0.030,1.004,0.000,0.427,0.122,-77.988,252.677,159.036,0.9893,0.0097,-0.0259,-0.1435,0.00,0.00,0.057,3.2,96053.3,0.00,0.000,0.000,2
34652,-0.047,0.033,1.007,-0.122,0.244,0.183,-69.126,256.752,127.797,0.9914,0.0158,-0.0258,-0.1273,0.00,0.00,0.083,3.5,96048.4,0.00,0.000,0.000,2
34852,-0.048,0.029,1.004,-0.061,0.305,0.244,-69.126,256.752,127.797,0.9914,0.0144,-0.0251,-0.1277,0.00,0.00,0.054,3.3,96046.8,0.00,0.000,0.000,2
35052,-0.046,0.031,1.005,-0.122,0.244,0.244,-69.126,256.752,127.797,0.9915,0.0152,-0.0234,-0.1274,0.00,0.00,0.063,3.2,96049.1,0.00,0.000,0.000,2
35252,-0.046,0.030,1.004,-0.122,0.305,0.183,-69.126,256.752,127.797,0.9914,0.0150,-0.0239,-0.1276,0.00,0.00,0.058,3.2,96045.5,0.00,0.000,0.000,2
35452,-0.044,0.031,1.004,-0.183,0.366,0.183,-69.126,256.752,127.797,0.9915,0.0154,-0.0238,-0.1272,0.00,0.00,0.057,3.3,96046.3,0.00,0.000,0.000,2
35652,-0.046,0.029,1.004,-0.061,0.366,0.183,-69.126,256.752,127.797,0.9915,0.0133,-0.0230,-0.1275,0.00,0.00,0.058,3.0,96048.3,0.00,0.000,0.000,2
35852,-0.046,0.031,1.002,-0.122,0.244,0.183,-69.126,256.752,127.797,0.9916,0.0109,-0.0264,-0.1261,0.00,0.00,0.034,3.3,96046.2,0.00,0.000,0.000,2
36052,-0.046,0.029,1.006,-0.244,0.366,0.183,-69.126,256.752,127.797,0.9917,0.0088,-0.0230,-0.1259,0.00,0.00,0.072,2.8,96045.5,0.00,0.000,0.000,2
36252,-0.044,0.030,1.002,-0.061,0.366,0.183,-69.126,256.752,127.797,0.9918,0.0088,-0.0232,-0.1256,0.00,0.00,0.038,2.8,96054.6,0.00,0.000,0.000,2
36452,-0.043,0.032,1.005,-0.122,0.244,0.122,-69.126,256.752,127.797,0.9917,0.0126,-0.0204,-0.1264,0.00,0.00,0.067,2.8,96051.1,0.00,0.000,0.000,2
36652,-0.047,0.030,1.006,0.000,0.305,0.122,-69.126,256.752,127.797,0.9914,0.0149,-0.0254,-0.1274,0.00,0.00,0.072,3.4,96048.4,0.00,0.000,0.000,2
36852,-0.046,0.029,1.004,-0.061,0.366,0.183,-63.809,255.394,130.637,0.9924,0.0142,-0.0255,-0.1199,0.00,0.00,0.058,3.3,96049.0,0.00,0.000,0.000,2
37052,-0.045,0.032,1.004,-0.122,0.366,0.122,-63.809,255.394,130.637,0.9926,0.0166,-0.0238,-0.1177,0.00,0.00,0.058,3.3,96053.2,0.00,0.000,0.000,2
37252,-0.047,0.032,1.001,0.000,0.305,0.183,-63.809,255.394,130.637,0.9926,0.0163,-0.0249,-0.1181,0.00,0.00,0.025,3.4,96043.5,0.00,0.000,0.000,2
37452,-0.047,0.029,1.006,-0.061,0.366,0.122,-63.809,255.394,130.637,0.9925,0.0151,-0.0256,-0.1182,0.00,0.00,0.077,3.4,96042.0,0.00,0.000,0.000,2
37652,-0.044,0.030,1.006,-0.122,0.183,0.244,-63.809,255.394,130.637,0.9926,0.0154,-0.0230,-0.1183,0.00,0.00,0.071,3.2,96048.4,0.00,0.000,0.000,2
37852,-0.046,0.029,1.002,-0.061,0.122,0.244,-63.809,255.394,130.637,0.9926,0.0153,-0.0241,-0.1183,0.00,0.00,0.033,3.3,96044.7,0.00,0.000,0.000,2
38052,-0.045,0.030,1.003,-0.183,0.305,0.183,-63.809,255.394,130.637,0.9926,0.0158,-0.0245,-0.1179,0.00,0.00,0.048,3.3,96047.7,0.00,0.000,0.000,2
38252,-0.046,0.029,1.005,-0.061,0.244,0.183,-63.809,255.394,130.637,0.9926,0.0148,-0.0227,-0.1183,0.01,0.00,0.067,3.1,96048.4,0.00,0.000,0.000,2
38452,-0.048,0.032,1.002,-0.061,0.366,0.244,-63.809,255.394,130.637,0.9925,0.0156,-0.0258,-0.1181,0.01,0.00,0.035,3.5,96044.2,0.00,0.000,0.000,2
38652,-0.046,0.030,1.005,-0.122,0.366,0.183,-63.809,255.394,130.637,0.9926,0.0157,-0.0242,-0.1182,0.01,0.00,0.067,3.3,96045.6,0.00,0.000,0.000,2
38852,-0.045,0.032,1.007,-0.061,0.305,0.244,-63.809,255.394,130.637,0.9926,0.0160,-0.0242,-0.1181,0.01,0.00,0.087,3.3,96049.7,0.00,0.000,0.000,2
39052,-0.044,0.029,1.003,-0.183,0.366,0.244,-63.809,255.394,130.637,0.9926,0.0152,-0.0234,-0.1183,0.01,0.00,0.047,3.2,96048.3,0.00,0.000,0.000,2
39252,-0.043,0.032,1.001,-0.122,0.366,0.305,-63.809,255.394,130.637,0.9927,0.0157,-0.0217,-0.1178,0.01,0.00,0.024,3.1,96043.5,0.00,0.000,0.000,2
39452,-0.046,0.032,1.002,-0.122,0.427,0.183,-63.809,255.394,130.637,0.9926,0.0158,-0.0245,-0.1181,0.01,0.00,0.034,3.3,96049.2,0.00,0.000,0.000,2
39652,-0.045,0.031,1.002,-0.122,0.427,0.122,-63.809,255.394,130.637,0.9927,0.0150,-0.0223,-0.1178,0.01,0.00,0.038,3.1,96048.4,0.00,0.000,0.000,2
39852,-0.044,0.033,1.004,-0.122,0.366,0.183,-63.809,255.394,130.637,0.9926,0.0164,-0.0226,-0.1178,0.01,0.00,0.058,3.2,96048.4,0.00,0.000,0.000,2
40052,-0.045,0.029,1.004,-0.122,0.244,0.244,-63.809,255.394,130.637,0.9926,0.0146,-0.0227,-0.1185,0.01,0.00,0.052,3.1,96047.0,0.00,0.000,0.000,2
40252,-0.046,0.032,1.004,-0.061,0.305,0.244,-63.809,255.394,130.637,0.9926,0.0160,-0.0260,-0.1176,0.01,0.00,0.054,3.5,96048.4,0.00,0.000,0.000,2
40452,-0.045,0.030,1.004,-0.061,0.305,0.244,-63.809,255.394,130.637,0.9926,0.0155,-0.0244,-0.1179,0.01,0.00,0.057,3.3,96049.1,0.00,0.000,0.000,2
40652,-0.045,0.030,1.007,-0.061,0.305,0.122,-56.719,255.394,153.356,0.9942,0.0158,-0.0220,-0.1039,0.01,0.00,0.081,3.1,96045.4,0.00,0.000,0.000,2
40852,-0.043,0.031,1.006,-0.061,0.366,0.183,-56.719,255.394,153.356,0.9942,0.0163,-0.0224,-0.1037,0.01,0.00,0.076,3.2,96046.3,0.00,0.000,0.000,2
41052,-0.046,0.029,1.007,-0.061,0.244,0.183,-56.719,255.394,153.356,0.9942,0.0158,-0.0227,-0.1041,0.01,0.00,0.081,3.2,96049.1,0.00,0.000,0.000,2
41252,-0.046,0.030,1.003,-0.061,0.427,0.244,-56.719,255.394,153.356,0.9942,0.0162,-0.0245,-0.1038,0.01,0.00,0.048,3.4,96051.3,0.00,0.000,0.000,2
41452,-0.045,0.029,1.005,-0.122,0.366,0.183,-79.761,248.601,144.836,0.9902,0.0142,-0.0237,-0.1372,0.01,0.00,0.066,3.2,96047.6,0.00,0.000,0.000,2
41652,-0.045,0.032,1.002,0.000,0.366,0.122,-79.761,248.601,144.836,0.9884,0.0114,-0.0256,-0.1496,0.01,0.00,0.039,3.2,96051.8,0.00,0.000,0.000,2
41852,-0.048,0.033,1.004,-0.183,0.305,0.122,-79.761,248.601,144.836,0.9884,0.0106,-0.0273,-0.1492,0.01,0.00,0.059,3.4,96048.5,0.00,0.000,0.000,2
42052,-0.047,0.029,1.004,-0.122,0.244,0.244,-79.761,248.601,144.836,0.9884,0.0082,-0.0255,-0.1494,0.01,0.00,0.053,3.1,96048.4,0.00,0.000,0.000,2
42252,-0.045,0.030,1.006,-0.122,0.305,0.244,-79.761,248.601,144.836,0.9884,0.0087,-0.0238,-0.1498,0.01,0.00,0.071,2.9,96047.8,0.00,0.000,0.000,2
42452,-0.046,0.029,1.002,-0.061,0.427,0.183,-79.761,248.601,144.836,0.9884,0.0088,-0.0252,-0.1495,0.01,0.00,0.034,3.1,96050.5,0.00,0.000,0.000,2
42652,-0.045,0.031,1.004,0.061,0.366,0.244,-79.761,248.601,144.836,0.9884,0.0101,-0.0257,-0.1495,0.01,0.00,0.058,3.2,96050.5,0.00,0.000,0.000,2
42852,-0.047,0.031,1.005,-0.061,0.366,0.122,-79.761,248.601,144.836,0.9884,0.0092,-0.0255,-0.1495,0.01,0.00,0.068,3.1,96046.3,0.00,0.000,0.000,2
43052,-0.044,0.031,1.003,-0.183,0.305,0.244,-79.761,248.601,144.836,0.9884,0.0111,-0.0220,-0.1502,0.01,0.00,0.047,2.8,96046.3,0.00,0.000,0.000,2
43252,-0.046,0.031,1.007,-0.122,0.366,0.244,-79.761,248.601,144.836,0.9881,0.0138,-0.0255,-0.1508,0.01,0.00,0.087,3.3,96049.9,0.00,0.000,0.000,2
43452,-0.046,0.032,1.004,-0.061,0.366,0.122,-79.761,248.601,144.836,0.9882,0.0144,-0.0246,-0.1504,0.01,0.00,0.054,3.3,96050.5,0.00,0.000,0.000,2
43652,-0.045,0.030,1.008,-0.061,0.366,0.183,-79.761,248.601,144.836,0.9883,0.0109,-0.0231,-0.1503,0.01,0.00,0.091,2.9,96049.7,0.00,0.000,0.000,2
43852,-0.045,0.030,1.004,-0.061,0.305,0.244,-79.761,248.601,144.836,0.9884,0.0106,-0.0232,-0.1497,0.01,0.00,0.053,2.9,96047.7,0.00,0.000,0.000,2
44052,-0.047,0.031,1.005,-0.122,0.305,0.183,-79.761,248.601,144.836,0.9883,0.0102,-0.0261,-0.1499,0.01,0.00,0.068,3.2,96046.3,0.00,0.000,0.000,2
44252,-0.045,0.032,1.005,-0.061,0.305,0.183,-79.761,248.601,144.836,0.9884,0.0108,-0.0242,-0.1496,0.01,0.00,0.068,3.0,96049.8,0.00,0.000,0.000,2
44452,-0.046,0.030,1.003,-0.061,0.305,0.183,-79.761,248.601,144.836,0.9884,0.0089,-0.0254,-0.1493,0.01,0.00,0.043,3.1,96052.8,0.00,0.000,0.000,2
44652,-0.047,0.031,1.006,-0.122,0.305,0.244,-79.761,248.601,144.836,0.9883,0.0097,-0.0269,-0.1495,0.00,0.00,0.078,3.3,96050.6,0.00,0.000,0.000,2
44852,-0.046,0.031,1.006,-0.122,0.366,0.122,-79.761,248.601,144.836,0.9884,0.0096,-0.0261,-0.1495,0.00,0.00,0.077,3.2,96052.6,0.00,0.000,0.000,2
45052,-0.045,0.030,1.007,-0.061,0.366,0.305,-79.761,248.601,144.836,0.9884,0.0090,-0.0246,-0.1494,0.00,0.00,0.081,3.0,96051.4,0.00,0.000,0.000,2
45252,-0.047,0.030,1.000,-0.122,0.427,0.122,-79.761,248.601,144.836,0.9884,0.0095,-0.0248,-0.1497,0.00,0.00,0.020,3.0,96051.1,0.00,0.000,0.000,2
45452,-0.048,0.031,1.004,0.000,0.366,0.183,-79.761,248.601,144.836,0.9882,0.0120,-0.0247,-0.1506,0.00,0.00,0.059,3.2,96049.8,0.00,0.000,0.000,2
45652,-0.044,0.029,1.007,-0.061,0.305,0.183,-79.761,248.601,144.836,0.9882,0.0131,-0.0243,-0.1506,0.00,0.00,0.081,3.2,96049.3,0.00,0.000,0.000,2
45852,-0.044,0.031,1.003,-0.122,0.244,0.183,-69.126,256.752,150.516,0.9915,0.0134,-0.0221,-0.1273,0.00,0.00,0.043,3.0,96054.5,0.00,0.000,0.000,2
46052,-0.046,0.030,1.005,-0.061,0.366,0.183,-69.126,256.752,150.516,0.9915,0.0150,-0.0253,-0.1267,-0.00,0.00,0.067,3.4,96052.6,0.00,0.000,0.000,2
46252,-0.046,0.030,1.009,-0.061,0.305,0.183,-69.126,256.752,150.516,0.9915,0.0153,-0.0239,-0.1267,-0.00,0.00,0.106,3.2,96055.5,0.00,0.000,0.000,2
46452,-0.044,0.031,1.003,-0.183,0.244,0.244,-69.126,256.752,150.516,0.9916,0.0155,-0.0233,-0.1266,0.00,0.00,0.043,3.2,96050.5,0.00,0.000,0.000,2
46652,-0.048,0.032,1.003,-0.122,0.427,0.183,-69.126,256.752,150.516,0.9915,0.0158,-0.0248,-0.1266,-0.00,0.00,0.050,3.4,96052.0,0.00,0.000,0.000,2
46852,-0.047,0.031,1.004,-0.122,0.244,0.305,-69.126,256.752,150.516,0.9916,0.0137,-0.0226,-0.1262,-0.00,0.00,0.058,3.0,96054.7,0.00,0.000,0.000,2
47052,-0.047,0.032,1.006,0.000,0.366,0.244,-69.126,256.752,150.516,0.9915,0.0153,-0.0253,-0.1267,-0.00,0.00,0.073,3.4,96047.7,0.00,0.000,0.000,2
47252,-0.045,0.030,1.007,-0.122,0.305,0.305,-69.126,256.752,150.516,0.9916,0.0140,-0.0219,-0.1266,-0.00,0.00,0.081,3.0,96047.0,0.00,0.000,0.000,2
47452,-0.047,0.030,1.003,-0.061,0.244,0.183,-69.126,256.752,150.516,0.9918,0.0088,-0.0233,-0.1251,-0.00,0.00,0.044,2.8,96049.1,0.00,0.000,0.000,2
47652,-0.049,0.030,1.005,-0.122,0.366,0.183,-69.126,256.752,150.516,0.9918,0.0082,-0.0262,-0.1250,-0.00,0.00,0.064,3.2,96050.6,0.00,0.000,0.000,2
47852,-0.045,0.029,1.004,0.000,0.366,0.183,-69.126,256.752,150.516,0.9918,0.0081,-0.0244,-0.1248,-0.00,0.00,0.052,2.9,96048.6,0.00,0.000,0.000,2
48052,-0.045,0.032,1.002,-0.122,0.305,0.305,-69.126,256.752,150.516,0.9919,0.0098,-0.0224,-0.1248,-0.00,0.00,0.034,2.8,96047.1,0.00,0.000,0.000,2
48252,-0.044,0.030,1.004,0.000,0.366,0.122,-58.491,259.469,144.836,0.9943,0.0084,-0.0236,-0.1038,-0.00,0.00,0.057,2.9,96052.0,0.00,0.000,0.000,2
48452,-0.045,0.032,1.008,-0.183,0.366,0.183,-58.491,259.469,144.836,0.9943,0.0093,-0.0255,-0.1034,-0.00,0.00,0.091,3.1,96052.0,0.00,0.000,0.000,2
48652,-0.044,0.031,1.009,-0.122,0.366,0.122,-58.491,259.469,144.836,0.9943,0.0090,-0.0224,-0.1036,-0.00,0.00,0.100,2.8,96055.6,0.00,0.000,0.000,2
48852,-0.046,0.030,1.005,-0.122,0.366,0.244,-58.491,259.469,144.836,0.9942,0.0084,-0.0253,-0.1038,-0.00,0.00,0.062,3.1,96052.8,0.00,0.000,0.000,2
49052,-0.045,0.031,1.007,-0.183,0.366,0.244,-58.491,259.469,144.836,0.9943,0.0086,-0.0250,-0.1037,-0.00,0.00,0.081,3.0,96046.4,0.00,0.000,0.000,2
49252,-0.045,0.031,1.004,-0.061,0.366,0.122,-58.491,259.469,144.836,0.9943,0.0090,-0.0231,-0.1034,-0.00,0.00,0.057,2.8,96053.4,0.00,0.000,0.000,2
49452,-0.046,0.030,1.005,-0.122,0.305,0.244,-58.491,259.469,144.836,0.9943,0.0085,-0.0247,-0.1037,-0.00,0.00,0.063,3.0,96052.0,0.00,0.000,0.000,2
49652,-0.048,0.030,1.008,-0.122,0.366,0.183,-58.491,259.469,144.836,0.9943,0.0080,-0.0250,-0.1038,-0.00,0.00,0.092,3.0,96053.4,0.00,0.000,0.000,2
49852,-0.045,0.032,1.005,-0.122,0.427,0.244,-58.491,259.469,144.836,0.9943,0.0097,-0.0220,-0.1035,-0.00,0.00,0.063,2.8,96043.0,0.00,0.000,0.000,2
50052,-0.045,0.029,1.009,-0.061,0.305,0.183,-58.491,259.469,144.836,0.9943,0.0086,-0.0233,-0.1038,-0.00,0.00,0.105,2.8,96045.8,0.00,0.000,0.000,2
50252,-0.046,0.029,1.003,-0.061,0.366,0.183,-58.491,259.469,144.836,0.9943,0.0082,-0.0248,-0.1038,0.00,0.00,0.048,3.0,96047.9,0.00,0.000,0.000,2
50452,-0.046,0.031,1.004,-0.061,0.366,0.244,-67.353,255.394,130.637,0.9920,0.0152,-0.0247,-0.1226,-0.00,0.00,0.053,3.3,96048.4,0.00,0.000,0.000,2
50652,-0.045,0.032,1.001,-0.061,0.244,0.183,-67.353,255.394,130.637,0.9918,0.0156,-0.0228,-0.1246,-0.00,0.00,0.025,3.2,96050.7,0.00,0.000,0.000,2
50852,-0.046,0.031,1.005,-0.122,0.366,0.244,-67.353,255.394,130.637,0.9921,0.0091,-0.0232,-0.1229,-0.00,0.00,0.063,2.9,96052.1,0.00,0.000,0.000,2
51052,-0.046,0.031,1.005,0.000,0.305,0.183,-67.353,255.394,130.637,0.9921,0.0089,-0.0246,-0.1226,-0.00,0.00,0.063,3.0,96050.6,0.00,0.000,0.000,2
51252,-0.047,0.031,1.003,-0.183,0.305,0.244,-67.353,255.394,130.637,0.9921,0.0093,-0.0261,-0.1226,-0.00,0.00,0.049,3.2,96047.9,0.00,0.000,0.000,2
51452,-0.046,0.029,1.004,0.061,0.244,0.122,-67.353,255.394,130.637,0.9920,0.0087,-0.0260,-0.1230,-0.00,0.00,0.053,3.1,96050.7,0.00,0.000,0.000,2
51652,-0.047,0.031,1.006,-0.061,0.305,0.183,-67.353,255.394,130.637,0.9921,0.0087,-0.0249,-0.1228,-0.00,0.00,0.073,3.0,96044.4,0.00,0.000,0.000,2
51852,-0.046,0.030,1.005,-0.122,0.244,0.183,-67.353,255.394,130.637,0.9921,0.0088,-0.0253,-0.1227,0.00,0.00,0.063,3.1,96049.5,0.00,0.000,0.000,2
52052,-0.045,0.029,1.004,-0.061,0.305,0.244,-67.353,255.394,130.637,0.9921,0.0083,-0.0247,-0.1229,0.00,0.00,0.057,3.0,96042.3,0.00,0.000,0.000,2
52252,-0.045,0.030,1.006,-0.122,0.305,0.244,-67.353,255.394,130.637,0.9921,0.0091,-0.0254,-0.1228,0.00,0.00,0.072,3.1,96047.9,0.00,0.000,0.000,2
52452,-0.045,0.031,1.003,0.000,0.305,0.244,-67.353,255.394,130.637,0.9921,0.0096,-0.0227,-0.1227,0.00,0.00,0.048,2.8,96050.6,0.00,0.000,0.000,2
52652,-0.047,0.031,1.003,-0.122,0.305,0.183,-67.353,255.394,130.637,0.9921,0.0089,-0.0257,-0.1227,0.00,0.00,0.049,3.1,96048.6,0.00,0.000,0.000,2
52852,-0.046,0.031,1.002,-0.061,0.244,0.183,-72.671,259.469,161.876,0.9912,0.0092,-0.0261,-0.1294,0.00,0.00,0.039,3.2,96052.3,0.00,0.000,0.000,2
53052,-0.046,0.030,1.004,-0.061,0.244,0.183,-72.671,259.469,161.876,0.9912,0.0082,-0.0245,-0.1298,0.00,0.00,0.057,3.0,96048.6,0.00,0.000,0.000,2
53252,-0.044,0.031,1.008,-0.061,0.366,0.122,-72.671,259.469,161.876,0.9913,0.0090,-0.0231,-0.1294,0.01,0.00,0.090,2.8,96045.8,0.00,0.000,0.000,2
53452,-0.045,0.031,1.004,-0.061,0.244,0.183,-72.671,259.469,161.876,0.9912,0.0089,-0.0248,-0.1296,0.01,0.00,0.053,3.0,96047.8,0.00,0.000,0.000,2
53652,-0.045,0.030,1.006,-0.122,0.305,0.122,-72.671,259.469,161.876,0.9913,0.0085,-0.0238,-0.1294,0.01,0.00,0.071,2.9,96047.9,0.00,0.000,0.000,2
53852,-0.045,0.030,1.006,-0.061,0.305,0.244,-72.671,259.469,161.876,0.9912,0.0081,-0.0241,-0.1299,0.01,0.00,0.072,2.9,96048.5,0.00,0.000,0.000,2
54052,-0.049,0.030,1.005,-0.061,0.244,0.244,-72.671,259.469,161.876,0.9911,0.0092,-0.0273,-0.1297,0.01,0.00,0.069,3.3,96047.2,0.00,0.000,0.000,2
54252,-0.046,0.030,1.005,-0.183,0.305,0.183,-72.671,259.469,161.876,0.9913,0.0087,-0.0245,-0.1294,0.01,0.00,0.062,3.0,96047.2,0.00,0.000,0.000,2
54452,-0.045,0.030,1.003,-0.122,0.305,0.244,-72.671,259.469,161.876,0.9912,0.0085,-0.0250,-0.1296,0.01,0.00,0.043,3.0,96048.6,0.00,0.000,0.000,2
54652,-0.044,0.030,1.006,-0.122,0.244,0.183,-72.671,259.469,161.876,0.9912,0.0109,-0.0207,-0.1305,0.01,0.00,0.071,2.7,96049.8,0.00,0.000,0.000,2
54852,-0.046,0.030,1.003,-0.061,0.244,0.122,-72.671,259.469,161.876,0.9912,0.0086,-0.0249,-0.1296,0.01,0.00,0.043,3.0,96043.7,0.00,0.000,0.000,2
55052,-0.045,0.032,1.004,-0.183,0.244,0.183,-72.671,259.469,161.876,0.9912,0.0091,-0.0242,-0.1295,0.01,0.00,0.058,3.0,96042.2,0.00,0.000,0.000,2
55252,-0.046,0.031,1.006,-0.061,0.244,0.122,-72.671,259.469,150.516,0.9912,0.0091,-0.0253,-0.1298,0.01,0.00,0.077,3.1,96050.0,0.00,0.000,0.000,2
55452,-0.045,0.032,1.003,-0.122,0.366,0.183,-72.671,259.469,150.516,0.9912,0.0094,-0.0235,-0.1298,0.01,0.00,0.043,2.9,96048.6,0.00,0.000,0.000,2
55652,-0.044,0.030,1.003,-0.122,0.183,0.244,-72.671,259.469,150.516,0.9912,0.0092,-0.0220,-0.1304,0.01,0.00,0.047,2.7,96050.1,0.00,0.000,0.000,2
55852,-0.044,0.030,1.005,-0.061,0.305,0.244,-72.671,259.469,150.516,0.9912,0.0086,-0.0231,-0.1302,0.01,0.00,0.066,2.8,96049.3,0.00,0.000,0.000,2
56052,-0.045,0.032,1.005,-0.122,0.244,0.183,-72.671,259.469,150.516,0.9911,0.0103,-0.0236,-0.1303,0.01,0.00,0.063,3.0,96045.9,0.00,0.000,0.000,2
56252,-0.046,0.032,1.005,-0.183,0.366,0.122,-72.671,259.469,150.516,0.9912,0.0095,-0.0237,-0.1300,0.01,0.00,0.068,2.9,96043.0,0.00,0.000,0.000,2
56452,-0.046,0.029,1.009,-0.183,0.366,0.183,-72.671,259.469,150.516,0.9911,0.0082,-0.0256,-0.1303,0.01,0.00,0.101,3.1,96045.1,0.00,0.000,0.000,2
56652,-0.045,0.030,1.003,-0.061,0.366,0.244,-72.671,259.469,150.516,0.9912,0.0087,-0.0234,-0.1302,0.01,0.00,0.043,2.9,96046.5,0.00,0.000,0.000,2
56852,-0.044,0.031,1.005,-0.122,0.366,0.183,-72.671,259.469,150.516,0.9911,0.0092,-0.0252,-0.1300,0.01,0.00,0.067,3.1,96045.8,0.00,0.000,0.000,2
57052,-0.045,0.030,1.006,-0.122,0.244,0.183,-72.671,259.469,150.516,0.9912,0.0087,-0.0234,-0.1300,0.01,0.00,0.072,2.9,96048.6,0.00,0.000,0.000,2
57252,-0.046,0.029,1.004,0.000,0.244,0.244,-72.671,259.469,150.516,0.9911,0.0080,-0.0255,-0.1303,0.01,0.00,0.053,3.1,96043.0,0.00,0.000,0.000,2
57452,-0.046,0.031,1.009,-0.122,0.305,0.183,-72.671,259.469,150.516,0.9912,0.0090,-0.0239,-0.1300,0.01,0.00,0.106,2.9,96048.7,0.00,0.000,0.000,2
57652,-0.046,0.031,1.005,-0.122,0.305,0.122,-67.353,260.827,153.356,0.9925,0.0087,-0.0248,-0.1193,0.01,0.00,0.067,3.0,96043.2,0.00,0.000,0.000,2
57852,-0.045,0.031,1.005,-0.122,0.305,0.183,-67.353,260.827,153.356,0.9925,0.0085,-0.0237,-0.1195,0.02,0.00,0.062,2.9,96045.9,0.00,0.000,0.000,2
58052,-0.045,0.031,1.004,-0.061,0.366,0.183,-67.353,260.827,153.356,0.9925,0.0086,-0.0236,-0.1194,0.02,0.00,0.057,2.9,96043.7,0.00,0.000,0.000,2
58252,-0.045,0.029,1.004,-0.061,0.366,0.244,-67.353,260.827,153.356,0.9924,0.0076,-0.0247,-0.1200,0.02,0.00,0.052,3.0,96044.4,0.00,0.000,0.000,2
58452,-0.045,0.029,1.007,-0.122,0.366,0.183,-67.353,260.827,153.356,0.9925,0.0081,-0.0240,-0.1196,0.02,0.00,0.081,2.9,96042.3,0.00,0.000,0.000,2
58652,-0.045,0.032,1.006,-0.122,0.366,0.244,-67.353,260.827,153.356,0.9925,0.0094,-0.0256,-0.1193,0.02,0.00,0.077,3.1,96046.5,0.00,0.000,0.000,2
58852,-0.046,0.030,1.007,-0.061,0.366,0.122,-67.353,260.827,153.356,0.9925,0.0088,-0.0257,-0.1194,0.02,0.00,0.081,3.1,96047.2,0.00,0.000,0.000,2
59052,-0.046,0.030,1.002,-0.122,0.366,0.244,-67.353,260.827,153.356,0.9925,0.0087,-0.0234,-0.1196,0.02,0.00,0.034,2.9,96048.8,0.00,0.000,0.000,2
59252,-0.046,0.029,1.007,-0.244,0.366,0.183,-67.353,260.827,153.356,0.9925,0.0084,-0.0256,-0.1196,0.02,0.00,0.081,3.1,96045.2,0.00,0.000,0.000,2
59452,-0.048,0.031,1.004,0.000,0.366,0.244,-67.353,260.827,153.356,0.9925,0.0088,-0.0263,-0.1194,0.02,0.00,0.059,3.2,96045.3,0.00,0.000,0.000,2
59652,-0.048,0.030,1.006,-0.122,0.366,0.122,-67.353,260.827,153.356,0.9925,0.0083,-0.0258,-0.1195,0.02,0.00,0.073,3.1,96048.0,0.00,0.000,0.000,2
59852,-0.045,0.031,1.006,-0.183,0.366,0.244,-67.353,260.827,153.356,0.9925,0.0089,-0.0239,-0.1192,0.02,0.00,0.077,2.9,96045.9,0.00,0.000,0.000,2
60052,-0.047,0.032,1.000,-0.061,0.366,0.183,-69.126,262.186,139.156,0.9921,0.0096,-0.0255,-0.1224,0.02,0.00,0.021,3.1,96048.8,0.00,0.000,0.000,2
60252,-0.046,0.032,1.004,-0.061,0.366,0.183,-69.126,262.186,139.156,0.9921,0.0098,-0.0263,-0.1225,0.02,0.00,0.058,3.2,96047.4,0.00,0.000,0.000,2
60452,-0.044,0.030,1.006,-0.183,0.305,0.183,-69.126,262.186,139.156,0.9922,0.0089,-0.0225,-0.1226,0.02,0.00,0.076,2.8,96047.4,0.00,0.000,0.000,2
60652,-0.049,0.026,1.002,0.000,0.244,0.244,-69.126,262.186,139.156,0.9920,0.0080,-0.0268,-0.1228,0.02,0.00,0.034,3.2,96045.4,0.00,0.000,0.000,2
60852,-0.046,0.032,1.006,0.061,0.305,0.244,-69.126,262.186,139.156,0.9921,0.0098,-0.0259,-0.1225,0.02,0.00,0.078,3.2,96042.0,0.00,0.000,0.000,2
61052,-0.045,0.031,1.002,-0.061,0.244,0.244,-69.126,262.186,139.156,0.9921,0.0093,-0.0257,-0.1225,0.02,0.00,0.034,3.1,96046.8,0.00,0.000,0.000,2
61252,-0.044,0.029,1.008,-0.183,0.183,0.183,-69.126,262.186,139.156,0.9921,0.0088,-0.0225,-0.1228,0.02,0.00,0.095,2.8,96046.1,0.00,0.000,0.000,2
61452,-0.043,0.029,1.009,-0.183,0.427,0.305,-69.126,262.186,139.156,0.9921,0.0082,-0.0230,-0.1227,0.02,0.00,0.099,2.8,96050.4,0.00,0.000,0.000,2
61652,-0.045,0.031,1.008,-0.183,0.427,0.305,-69.126,262.186,139.156,0.9921,0.0090,-0.0241,-0.1224,0.02,0.00,0.091,2.9,96048.1,0.00,0.000,0.000,2
61852,-0.043,0.029,1.015,-0.061,0.183,0.305,-69.126,262.186,139.156,0.9921,0.0083,-0.0230,-0.1226,0.02,0.00,0.156,2.8,96042.8,0.00,0.000,0.000,2
62052,-0.046,0.034,1.004,-0.183,0.244,0.305,-69.126,262.186,139.156,0.9920,0.0113,-0.0273,-0.1224,0.02,0.00,0.059,3.4,96044.9,0.00,0.000,0.000,2
62252,-0.045,0.029,1.004,0.000,0.366,0.244,-69.126,262.186,139.156,0.9918,0.0139,-0.0262,-0.1242,0.02,0.00,0.057,3.4,96047.5,0.00,0.000,0.000,2
62452,-0.048,0.030,1.004,-0.061,0.244,0.244,-85.078,260.827,147.676,0.9879,0.0109,-0.0254,-0.1527,0.02,0.00,0.054,3.2,96045.5,0.00,0.000,0.000,2
62652,-0.045,0.031,1.006,-0.122,0.244,0.183,-85.078,260.827,147.676,0.9879,0.0123,-0.0238,-0.1528,0.02,0.00,0.072,3.1,96043.4,0.00,0.000,0.000,2
62852,-0.045,0.031,1.003,0.000,0.305,0.244,-85.078,260.827,147.676,0.9878,0.0140,-0.0240,-0.1535,0.02,0.00,0.048,3.2,96045.5,0.00,0.000,0.000,2
63052,-0.045,0.034,1.006,-0.122,0.427,0.183,-85.078,260.827,147.676,0.9879,0.0141,-0.0250,-0.1527,0.02,0.00,0.078,3.3,96047.5,0.00,0.000,0.000,2
63252,-0.045,0.031,1.002,-0.183,0.244,0.244,-85.078,260.827,147.676,0.9879,0.0131,-0.0236,-0.1530,0.02,0.00,0.034,3.1,96046.2,0.00,0.000,0.000,2
63452,-0.046,0.029,1.005,-0.122,0.366,0.244,-85.078,260.827,147.676,0.9879,0.0112,-0.0235,-0.1529,0.02,0.00,0.067,3.0,96047.0,0.00,0.000,0.000,2
63652,-0.048,0.030,1.005,-0.061,0.366,0.244,-85.078,260.827,147.676,0.9879,0.0108,-0.0253,-0.1529,0.02,0.00,0.064,3.2,96045.5,0.00,0.000,0.000,2
63852,-0.047,0.030,1.005,-0.122,0.244,0.061,-85.078,260.827,147.676,0.9879,0.0093,-0.0252,-0.1525,0.02,0.00,0.063,3.1,96041.2,0.00,0.000,0.000,2
64052,-0.043,0.030,1.004,0.000,0.244,0.183,-85.078,260.827,147.676,0.9879,0.0129,-0.0231,-0.1531,0.02,0.00,0.057,3.0,96041.9,0.00,0.000,0.000,2
64252,-0.046,0.033,1.013,-0.122,0.427,0.122,-85.078,260.827,147.676,0.9880,0.0108,-0.0263,-0.1519,0.02,0.00,0.145,3.3,96043.4,0.00,0.000,0.000,2
64452,-0.044,0.032,1.003,-0.122,0.305,0.183,-85.078,260.827,147.676,0.9880,0.0113,-0.0235,-0.1524,0.02,0.00,0.043,3.0,96050.4,0.00,0.000,0.000,2
64652,-0.046,0.029,1.002,-0.122,0.427,0.244,-60.264,271.695,176.075,0.9891,0.0046,-0.0253,-0.1450,0.02,0.00,0.038,2.9,96048.9,0.00,0.000,0.000,2
64852,-0.047,0.032,1.004,-0.122,0.244,0.183,-60.264,271.695,176.075,0.9946,0.0086,-0.0251,-0.1008,0.02,0.00,0.054,3.0,96045.6,0.00,0.000,0.000,2
65052,-0.044,0.030,1.004,-0.061,0.305,0.183,-60.264,271.695,176.075,0.9946,0.0087,-0.0223,-0.1010,0.02,0.00,0.057,2.7,96045.5,0.00,0.000,0.000,2
65252,-0.048,0.030,1.003,-0.122,0.305,0.122,-60.264,271.695,176.075,0.9945,0.0084,-0.0264,-0.1010,0.02,0.00,0.049,3.2,96043.4,0.00,0.000,0.000,2
65452,-0.046,0.031,1.007,-0.122,0.305,0.305,-60.264,271.695,176.075,0.9946,0.0081,-0.0234,-0.1009,0.02,0.00,0.086,2.8,96049.0,0.00,0.000,0.000,2
65652,-0.045,0.030,1.005,-0.061,0.244,0.244,-60.264,271.695,176.075,0.9946,0.0085,-0.0234,-0.1009,0.02,0.00,0.062,2.9,96049.1,0.00,0.000,0.000,2
65852,-0.044,0.032,1.002,-0.122,0.244,0.244,-60.264,271.695,176.075,0.9946,0.0089,-0.0245,-0.1005,0.02,0.00,0.038,3.0,96047.6,0.00,0.000,0.000,2
66052,-0.046,0.030,1.003,-0.061,0.244,0.122,-60.264,271.695,176.075,0.9946,0.0083,-0.0235,-0.1011,0.02,0.00,0.043,2.9,96047.4,0.00,0.000,0.000,2
66252,-0.046,0.029,1.002,-0.122,0.305,0.244,-60.264,271.695,176.075,0.9945,0.0079,-0.0252,-0.1014,0.02,0.00,0.033,3.0,96044.7,0.00,0.000,0.000,2
66452,-0.048,0.031,1.003,-0.122,0.305,0.183,-60.264,271.695,176.075,0.9943,0.0125,-0.0284,-0.1018,0.02,0.00,0.044,3.6,96044.9,0.00,0.000,0.000,2
66652,-0.045,0.032,1.007,-0.061,0.305,0.122,-60.264,271.695,176.075,0.9946,0.0094,-0.0223,-0.1006,0.02,0.00,0.086,2.8,96037.1,0.00,0.000,0.000,2
66852,-0.045,0.033,1.006,-0.061,0.366,0.122,-60.264,271.695,176.075,0.9945,0.0124,-0.0198,-0.1017,0.02,0.00,0.077,2.7,96044.2,0.00,0.000,0.000,2
67052,-0.044,0.030,1.007,-0.122,0.488,0.244,-60.264,258.111,170.395,0.9941,0.0161,-0.0228,-0.1046,0.02,0.00,0.081,3.2,96044.9,0.00,0.000,0.000,2
67252,-0.047,0.031,1.000,-0.122,0.305,0.183,-60.264,258.111,170.395,0.9936,0.0162,-0.0261,-0.1083,0.02,0.00,0.020,3.5,96045.6,0.00,0.000,0.000,2
67452,-0.048,0.032,1.005,-0.061,0.305,0.183,-60.264,258.111,170.395,0.9936,0.0164,-0.0253,-0.1087,0.02,0.00,0.064,3.5,96046.2,0.00,0.000,0.000,2
67652,-0.047,0.031,1.005,-0.122,0.244,0.122,-60.264,258.111,170.395,0.9936,0.0163,-0.0244,-0.1089,0.02,0.00,0.063,3.4,96042.8,0.00,0.000,0.000,2
67852,-0.047,0.031,1.006,-0.061,0.305,0.244,-60.264,258.111,170.395,0.9936,0.0158,-0.0249,-0.1091,0.02,0.00,0.073,3.4,96044.1,0.00,0.000,0.000,2
68052,-0.045,0.031,1.005,-0.122,0.366,0.244,-60.264,258.111,170.395,0.9937,0.0158,-0.0225,-0.1087,0.02,0.00,0.067,3.2,96046.9,0.00,0.000,0.000,2
68252,-0.044,0.032,1.004,-0.122,0.305,0.244,-60.264,258.111,170.395,0.9937,0.0164,-0.0228,-0.1086,0.02,0.00,0.058,3.2,96042.1,0.00,0.000,0.000,2
68452,-0.044,0.031,1.001,-0.061,0.366,0.183,-60.264,258.111,170.395,0.9937,0.0165,-0.0239,-0.1085,0.02,0.00,0.029,3.3,96045.6,0.00,0.000,0.000,2
68652,-0.045,0.033,1.006,0.000,0.305,0.183,-60.264,258.111,170.395,0.9937,0.0167,-0.0236,-0.1084,0.02,0.00,0.077,3.3,96046.3,0.00,0.000,0.000,2
68852,-0.045,0.030,1.005,-0.122,0.244,0.122,-60.264,258.111,170.395,0.9936,0.0157,-0.0255,-0.1086,0.02,0.00,0.062,3.4,96046.4,0.00,0.000,0.000,2
69052,-0.044,0.032,1.006,0.000,0.305,0.244,-60.264,258.111,170.395,0.9937,0.0165,-0.0225,-0.1084,0.02,0.00,0.072,3.2,96048.3,0.00,0.000,0.000,2
69252,-0.046,0.030,1.002,-0.122,0.366,0.244,-60.264,258.111,170.395,0.9936,0.0164,-0.0242,-0.1087,0.02,0.00,0.034,3.3,96044.1,0.00,0.000,0.000,2
69452,-0.045,0.029,1.004,-0.122,0.305,0.305,-63.809,263.544,153.356,0.9932,0.0154,-0.0223,-0.1131,0.02,0.00,0.052,3.1,96049.7,0.00,0.000,0.000,2
69652,-0.046,0.029,1.004,-0.061,0.427,0.244,-63.809,263.544,153.356,0.9931,0.0156,-0.0231,-0.1138,0.02,0.00,0.057,3.2,96049.7,0.00,0.000,0.000,2
69852,-0.046,0.031,1.007,-0.122,0.366,0.244,-63.809,263.544,153.356,0.9931,0.0162,-0.0238,-0.1136,0.02,0.00,0.082,3.3,96045.6,0.00,0.000,0.000,2
70052,-0.047,0.030,1.008,-0.122,0.244,0.305,-63.809,263.544,153.356,0.9931,0.0156,-0.0255,-0.1137,0.02,0.00,0.092,3.4,96047.7,0.00,0.000,0.000,2
70252,-0.045,0.031,1.003,-0.122,0.305,0.305,-63.809,263.544,153.356,0.9931,0.0160,-0.0236,-0.1137,0.02,0.00,0.043,3.3,96047.8,0.00,0.000,0.000,2
70452,-0.047,0.030,1.002,-0.122,0.305,0.244,-63.809,263.544,153.356,0.9931,0.0158,-0.0238,-0.1138,0.02,0.00,0.034,3.3,96042.8,0.00,0.000,0.000,2
70652,-0.045,0.029,1.008,-0.061,0.366,0.183,-63.809,263.544,153.356,0.9932,0.0149,-0.0219,-0.1138,0.02,0.00,0.091,3.0,96046.4,0.00,0.000,0.000,2
70852,-0.048,0.030,1.005,-0.122,0.244,0.244,-63.809,263.544,153.356,0.9931,0.0157,-0.0235,-0.1138,0.02,0.00,0.063,3.2,96049.0,0.00,0.000,0.000,2
71052,-0.047,0.031,1.003,-0.122,0.305,0.244,-63.809,263.544,153.356,0.9931,0.0161,-0.0254,-0.1135,0.02,0.00,0.049,3.4,96053.3,0.00,0.000,0.000,2
71252,-0.045,0.030,1.003,-0.122,0.366,0.183,-63.809,263.544,153.356,0.9932,0.0153,-0.0220,-0.1134,0.02,0.00,0.048,3.1,96042.8,0.00,0.000,0.000,2
71452,-0.046,0.029,1.007,-0.122,0.305,0.183,-63.809,263.544,153.356,0.9931,0.0156,-0.0237,-0.1140,0.02,0.00,0.086,3.2,96044.9,0.00,0.000,0.000,2
71652,-0.046,0.031,1.001,-0.122,0.244,0.183,-63.809,263.544,153.356,0.9931,0.0161,-0.0244,-0.1137,0.02,0.00,0.025,3.3,96045.6,0.00,0.000,0.000,2
71852,-0.044,0.033,1.005,-0.122,0.183,0.244,-65.581,270.337,156.196,0.9931,0.0171,-0.0230,-0.1133,0.02,0.00,0.063,3.3,96040.8,0.00,0.000,0.000,2
72052,-0.044,0.030,1.005,-0.061,0.244,0.244,-65.581,270.337,156.196,0.9931,0.0157,-0.0240,-0.1141,0.02,0.00,0.062,3.3,96047.0,0.00,0.000,0.000,2
72252,-0.043,0.031,1.003,-0.061,0.183,0.244,-65.581,270.337,156.196,0.9932,0.0152,-0.0210,-0.1133,0.02,0.00,0.042,3.0,96044.2,0.00,0.000,0.000,2
72452,-0.045,0.031,1.007,-0.122,0.305,0.122,-65.581,270.337,156.196,0.9931,0.0164,-0.0230,-0.1137,0.02,0.00,0.086,3.2,96047.0,0.00,0.000,0.000,2
72652,-0.045,0.030,1.004,-0.061,0.427,0.183,-65.581,270.337,156.196,0.9931,0.0161,-0.0241,-0.1139,0.02,0.00,0.053,3.3,96042.1,0.00,0.000,0.000,2
72852,-0.045,0.032,1.004,-0.061,0.305,0.244,-65.581,270.337,156.196,0.9931,0.0164,-0.0241,-0.1138,0.02,0.00,0.058,3.3,96047.0,0.00,0.000,0.000,2
73052,-0.046,0.030,1.004,-0.122,0.366,0.183,-65.581,270.337,156.196,0.9931,0.0156,-0.0226,-0.1140,0.02,0.00,0.058,3.2,96046.5,0.00,0.000,0.000,2
73252,-0.046,0.030,1.002,-0.061,0.305,0.122,-65.581,270.337,156.196,0.9931,0.0154,-0.0227,-0.1142,0.02,0.00,0.034,3.1,96046.4,0.00,0.000,0.000,2
73452,-0.046,0.029,1.005,-0.061,0.366,0.183,-65.581,270.337,156.196,0.9930,0.0154,-0.0240,-0.1143,0.02,0.00,0.067,3.3,96044.3,0.00,0.000,0.000,2
73652,-0.046,0.028,1.007,-0.122,0.366,0.183,-65.581,270.337,156.196,0.9931,0.0125,-0.0247,-0.1139,0.02,0.00,0.081,3.2,96046.2,0.00,0.000,0.000,2
73852,-0.049,0.032,1.007,-0.183,0.427,0.244,-65.581,270.337,156.196,0.9930,0.0161,-0.0267,-0.1136,0.02,0.00,0.083,3.6,96048.3,0.00,0.000,0.000,2
74052,-0.045,0.033,1.003,-0.183,0.305,0.244,-65.581,270.337,156.196,0.9931,0.0170,-0.0248,-0.1134,0.02,0.00,0.044,3.4,96047.0,0.00,0.000,0.000,2
74252,-0.046,0.029,1.003,0.000,0.244,0.244,-63.809,277.129,130.637,0.9936,0.0158,-0.0237,-0.1094,0.02,0.00,0.048,3.3,96045.6,0.00,0.000,0.000,2
74452,-0.045,0.030,1.004,-0.061,0.366,0.183,-63.809,277.129,130.637,0.9936,0.0154,-0.0255,-0.1088,0.02,0.00,0.052,3.4,96044.2,0.00,0.000,0.000,2
74652,-0.047,0.030,1.001,-0.122,0.244,0.183,-63.809,277.129,130.637,0.9936,0.0159,-0.0247,-0.1092,0.02,0.00,0.029,3.4,96044.2,0.00,0.000,0.000,2
74852,-0.044,0.031,1.009,-0.061,0.183,0.244,-63.809,277.129,130.637,0.9937,0.0159,-0.0218,-0.1088,0.02,0.00,0.105,3.1,96043.6,0.00,0.000,0.000,2
75052,-0.045,0.033,1.005,-0.061,0.305,0.183,-63.809,277.129,130.637,0.9936,0.0165,-0.0238,-0.1087,0.02,0.00,0.068,3.3,96044.2,0.00,0.000,0.000,2
75252,-0.045,0.031,1.006,-0.122,0.244,0.122,-63.809,277.129,130.637,0.9936,0.0162,-0.0238,-0.1089,0.02,0.00,0.072,3.3,96048.4,0.00,0.000,0.000,2
75452,-0.046,0.032,1.004,0.000,0.305,0.183,-63.809,277.129,130.637,0.9936,0.0165,-0.0261,-0.1084,0.02,0.00,0.058,3.5,96040.7,0.00,0.000,0.000,2
75652,-0.044,0.029,1.007,-0.122,0.366,0.244,-63.809,277.129,130.637,0.9937,0.0142,-0.0208,-0.1089,0.02,0.00,0.081,2.9,96042.2,0.00,0.000,0.000,2
75852,-0.047,0.032,1.004,-0.061,0.366,0.244,-63.809,277.129,130.637,0.9936,0.0166,-0.0245,-0.1089,0.02,0.00,0.059,3.4,96048.3,0.00,0.000,0.000,2
76052,-0.045,0.030,1.005,-0.061,0.366,0.183,-63.809,277.129,130.637,0.9936,0.0151,-0.0226,-0.1093,0.02,0.00,0.067,3.1,96052.7,0.00,0.000,0.000,2
76252,-0.046,0.029,1.005,-0.061,0.244,0.244,-63.809,277.129,130.637,0.9936,0.0153,-0.0226,-0.1092,0.02,0.00,0.067,3.1,96049.2,0.00,0.000,0.000,2
76452,-0.048,0.030,1.005,-0.122,0.244,0.122,-67.353,271.695,136.316,0.9933,0.0158,-0.0247,-0.1120,0.02,0.00,0.063,3.4,96047.8,0.00,0.000,0.000,2
76652,-0.045,0.031,1.004,-0.061,0.305,0.244,-67.353,271.695,136.316,0.9927,0.0159,-0.0235,-0.1172,0.02,0.00,0.057,3.3,96047.8,0.00,0.000,0.000,2
76852,-0.046,0.030,1.006,-0.122,0.305,0.244,-67.353,271.695,136.316,0.9927,0.0153,-0.0237,-0.1174,0.02,0.00,0.077,3.2,96044.2,0.00,0.000,0.000,2
77052,-0.046,0.031,1.005,-0.061,0.305,0.244,-67.353,271.695,136.316,0.9927,0.0152,-0.0253,-0.1173,0.02,0.00,0.063,3.4,96047.7,0.00,0.000,0.000,2
77252,-0.046,0.032,1.007,-0.122,0.305,0.244,-67.353,271.695,136.316,0.9927,0.0160,-0.0254,-0.1171,0.02,0.00,0.082,3.4,96050.5,0.00,0.000,0.000,2
77452,-0.044,0.031,1.006,0.061,0.305,0.244,-67.353,271.695,136.316,0.9927,0.0155,-0.0227,-0.1174,0.02,0.00,0.076,3.1,96049.9,0.00,0.000,0.000,2
77652,-0.045,0.031,1.005,-0.183,0.366,0.244,-67.353,271.695,136.316,0.9927,0.0157,-0.0227,-0.1171,0.01,0.00,0.062,3.2,96045.0,0.00,0.000,0.000,2
77852,-0.046,0.031,1.002,-0.061,0.427,0.244,-67.353,271.695,136.316,0.9927,0.0159,-0.0248,-0.1172,0.02,0.00,0.039,3.4,96044.4,0.00,0.000,0.000,2
78052,-0.044,0.029,1.007,-0.061,0.305,0.305,-67.353,271.695,136.316,0.9928,0.0133,-0.0208,-0.1168,0.02,0.00,0.081,2.8,96046.4,0.00,0.000,0.000,2
78252,-0.045,0.031,1.004,-0.183,0.366,0.244,-67.353,271.695,136.316,0.9927,0.0158,-0.0244,-0.1172,0.02,0.00,0.058,3.3,96047.1,0.00,0.000,0.000,2
78452,-0.046,0.030,1.003,-0.061,0.305,0.244,-67.353,271.695,136.316,0.9927,0.0155,-0.0234,-0.1172,0.02,0.00,0.048,3.2,96047.2,0.00,0.000,0.000,2
78652,-0.044,0.031,1.005,-0.122,0.427,0.183,-67.353,271.695,136.316,0.9927,0.0157,-0.0228,-0.1172,0.02,0.00,0.062,3.2,96042.9,0.00,0.000,0.000,2
78852,-0.046,0.032,1.002,-0.061,0.427,0.183,-67.353,271.695,136.316,0.9927,0.0162,-0.0245,-0.1171,0.02,0.00,0.034,3.4,96039.4,0.00,0.000,0.000,2
79052,-0.046,0.029,1.006,-0.183,0.305,0.122,-67.353,271.695,136.316,0.9927,0.0150,-0.0232,-0.1175,0.02,0.00,0.076,3.2,96047.8,0.00,0.000,0.000,2
79252,-0.044,0.031,1.005,-0.122,0.305,0.183,-67.353,271.695,136.316,0.9927,0.0157,-0.0228,-0.1172,0.02,0.00,0.067,3.2,96049.2,0.00,0.000,0.000,2
79452,-0.047,0.032,1.005,-0.061,0.427,0.183,-67.353,271.695,136.316,0.9927,0.0156,-0.0257,-0.1171,0.02,0.00,0.063,3.4,96047.8,0.00,0.000,0.000,2
79652,-0.044,0.032,1.007,-0.061,0.305,0.183,-67.353,271.695,136.316,0.9927,0.0163,-0.0229,-0.1169,0.02,0.00,0.086,3.2,96044.5,0.00,0.000,0.000,2
79852,-0.045,0.031,1.006,-0.061,0.183,0.244,-67.353,271.695,136.316,0.9927,0.0159,-0.0233,-0.1171,0.02,0.00,0.077,3.2,96047.2,0.00,0.000,0.000,2
80052,-0.047,0.032,1.006,-0.061,0.305,0.244,-67.353,271.695,136.316,0.9927,0.0159,-0.0252,-0.1171,0.02,0.00,0.073,3.4,96046.4,0.00,0.000,0.000,2
80252,-0.044,0.032,1.006,-0.061,0.305,0.244,-67.353,271.695,136.316,0.9927,0.0159,-0.0230,-0.1171,0.02,0.00,0.072,3.2,96048.6,0.00,0.000,0.000,2
80452,-0.044,0.032,1.005,-0.122,0.244,0.244,-67.353,271.695,136.316,0.9930,0.0113,-0.0214,-0.1156,0.02,0.00,0.067,2.8,96047.2,0.00,0.000,0.000,2
80652,-0.046,0.031,1.004,-0.061,0.305,0.183,-67.353,271.695,136.316,0.9930,0.0087,-0.0254,-0.1153,0.02,0.00,0.053,3.1,96048.6,0.00,0.000,0.000,2
80852,-0.047,0.030,1.005,-0.122,0.366,0.305,-67.353,271.695,136.316,0.9929,0.0086,-0.0262,-0.1155,0.02,0.00,0.063,3.2,96046.5,0.00,0.000,0.000,2
81052,-0.045,0.029,1.005,-0.061,0.305,0.183,-67.353,271.695,136.316,0.9930,0.0082,-0.0229,-0.1156,0.02,0.00,0.067,2.8,96043.8,0.00,0.000,0.000,2
81252,-0.046,0.030,1.006,-0.183,0.366,0.244,-62.036,270.337,173.235,0.9942,0.0084,-0.0246,-0.1048,0.02,0.00,0.077,3.0,96047.2,0.00,0.000,0.000,2
81452,-0.044,0.030,1.006,-0.122,0.366,0.122,-62.036,270.337,173.235,0.9941,0.0094,-0.0261,-0.1049,0.02,0.00,0.071,3.2,96042.3,0.00,0.000,0.000,2
81652,-0.046,0.029,1.003,-0.183,0.366,0.122,-62.036,270.337,173.235,0.9941,0.0081,-0.0243,-0.1049,0.02,0.00,0.043,2.9,96050.0,0.00,0.000,0.000,2
81852,-0.045,0.031,1.002,-0.122,0.305,0.122,-62.036,270.337,173.235,0.9942,0.0087,-0.0237,-0.1047,0.02,0.00,0.038,2.9,96044.3,0.00,0.000,0.000,2
82052,-0.045,0.030,1.005,-0.061,0.305,0.244,-62.036,270.337,173.235,0.9942,0.0084,-0.0240,-0.1048,0.02,0.00,0.062,2.9,96047.2,0.00,0.000,0.000,2
82252,-0.047,0.029,1.003,0.000,0.366,0.183,-62.036,270.337,173.235,0.9941,0.0085,-0.0262,-0.1052,0.02,0.00,0.043,3.2,96045.8,0.00,0.000,0.000,2
82452,-0.045,0.030,1.008,-0.122,0.244,0.244,-62.036,270.337,173.235,0.9941,0.0081,-0.0244,-0.1050,0.02,0.00,0.090,3.0,96048.0,0.00,0.000,0.000,2
82652,-0.047,0.028,1.005,0.000,0.305,0.183,-62.036,270.337,173.235,0.9941,0.0076,-0.0250,-0.1053,0.02,0.00,0.067,3.0,96049.2,0.00,0.000,0.000,2
82852,-0.045,0.033,1.005,-0.122,0.305,0.244,-62.036,270.337,173.235,0.9941,0.0105,-0.0271,-0.1048,0.02,0.00,0.063,3.3,96043.6,0.00,0.000,0.000,2
83052,-0.044,0.031,1.006,-0.122,0.305,0.244,-62.036,270.337,173.235,0.9942,0.0084,-0.0236,-0.1048,0.02,0.00,0.076,2.9,96043.7,0.00,0.000,0.000,2
83252,-0.047,0.031,1.007,-0.061,0.244,0.244,-62.036,270.337,173.235,0.9942,0.0085,-0.0251,-0.1047,0.02,0.00,0.087,3.0,96043.7,0.00,0.000,0.000,2
83452,-0.046,0.030,1.006,-0.061,0.366,0.244,-54.946,262.186,156.196,0.9950,0.0086,-0.0259,-0.0959,0.02,0.00,0.072,3.1,96038.7,0.00,0.000,0.000,2
83652,-0.044,0.031,1.001,-0.122,0.427,0.183,-54.946,262.186,156.196,0.9951,0.0087,-0.0233,-0.0952,0.02,0.00,0.028,2.9,96041.0,0.00,0.000,0.000,2
83852,-0.043,0.032,1.007,-0.061,0.366,0.183,-54.946,262.186,156.196,0.9950,0.0114,-0.0266,-0.0954,0.02,0.00,0.085,3.3,96039.5,0.00,0.000,0.000,2
84052,-0.047,0.030,1.005,-0.122,0.366,0.122,-54.946,262.186,156.196,0.9950,0.0088,-0.0264,-0.0958,0.02,0.00,0.067,3.2,96045.8,0.00,0.000,0.000,2
84252,-0.044,0.029,1.003,-0.061,0.366,0.244,-54.946,262.186,156.196,0.9951,0.0082,-0.0224,-0.0958,0.02,0.00,0.047,2.7,96042.3,0.00,0.000,0.000,2
84452,-0.048,0.028,1.004,-0.122,0.366,0.183,-54.946,262.186,156.196,0.9950,0.0088,-0.0261,-0.0957,0.02,0.00,0.058,3.2,96044.5,0.00,0.000,0.000,2
84652,-0.047,0.031,1.005,-0.183,0.305,0.183,-54.946,262.186,156.196,0.9951,0.0092,-0.0261,-0.0954,0.02,0.00,0.063,3.2,96042.3,0.00,0.000,0.000,2
84852,-0.047,0.028,1.002,-0.061,0.305,0.183,-54.946,262.186,156.196,0.9951,0.0085,-0.0253,-0.0956,0.02,0.00,0.034,3.1,96046.5,0.00,0.000,0.000,2
85052,-0.047,0.031,1.002,-0.122,0.305,0.305,-54.946,262.186,156.196,0.9950,0.0096,-0.0267,-0.0956,0.02,0.00,0.034,3.3,96042.8,0.00,0.000,0.000,2
85252,-0.047,0.029,1.001,-0.061,0.305,0.183,-54.946,262.186,156.196,0.9951,0.0081,-0.0244,-0.0956,0.02,0.00,0.024,2.9,96041.6,0.00,0.000,0.000,2
85452,-0.046,0.030,1.003,0.000,0.244,0.183,-54.946,262.186,156.196,0.9951,0.0093,-0.0260,-0.0953,0.02,0.00,0.048,3.2,96042.2,0.00,0.000,0.000,2
85652,-0.047,0.032,1.008,-0.061,0.366,0.244,-54.946,262.186,156.196,0.9950,0.0100,-0.0271,-0.0954,0.02,0.00,0.092,3.3,96045.1,0.00,0.000,0.000,2
85852,-0.047,0.030,1.005,-0.061,0.305,0.061,-70.898,263.544,164.716,0.9916,0.0146,-0.0264,-0.1261,0.02,0.00,0.068,3.5,96046.5,0.00,0.000,0.000,2
86052,-0.046,0.029,1.004,0.000,0.427,0.183,-70.898,263.544,164.716,0.9916,0.0147,-0.0235,-0.1267,0.02,0.00,0.058,3.2,96046.6,0.00,0.000,0.000,2
86252,-0.046,0.031,1.005,0.000,0.305,0.244,-70.898,263.544,164.716,0.9916,0.0155,-0.0249,-0.1261,0.02,0.00,0.063,3.4,96045.9,0.00,0.000,0.000,2
86452,-0.046,0.030,1.005,-0.122,0.244,0.244,-70.898,263.544,164.716,0.9916,0.0147,-0.0230,-0.1266,0.02,0.00,0.062,3.1,96048.0,0.00,0.000,0.000,2
86652,-0.045,0.030,1.004,-0.061,0.305,0.183,-70.898,263.544,164.716,0.9916,0.0153,-0.0234,-0.1263,0.02,0.00,0.057,3.2,96047.9,0.00,0.000,0.000,2
86852,-0.047,0.029,1.006,-0.122,0.305,0.183,-70.898,263.544,164.716,0.9915,0.0141,-0.0259,-0.1266,0.02,0.00,0.072,3.4,96045.9,0.00,0.000,0.000,2
87052,-0.046,0.029,1.004,-0.183,0.366,0.183,-70.898,263.544,164.716,0.9916,0.0149,-0.0240,-0.1265,0.02,0.00,0.052,3.2,96042.4,0.00,0.000,0.000,2
87252,-0.046,0.030,1.004,-0.183,0.305,0.183,-70.898,263.544,164.716,0.9915,0.0152,-0.0247,-0.1265,0.02,0.00,0.058,3.3,96038.8,0.00,0.000,0.000,2
87452,-0.045,0.030,1.003,-0.061,0.244,0.122,-70.898,263.544,164.716,0.9916,0.0145,-0.0263,-0.1261,0.02,0.00,0.048,3.4,96043.8,0.00,0.000,0.000,2
87652,-0.046,0.033,1.006,-0.061,0.366,0.244,-70.898,263.544,164.716,0.9916,0.0165,-0.0240,-0.1259,0.02,0.00,0.073,3.3,96050.7,0.00,0.000,0.000,2
87852,-0.046,0.029,1.007,-0.122,0.366,0.122,-70.898,263.544,164.716,0.9916,0.0149,-0.0233,-0.1264,0.02,0.00,0.086,3.2,96049.2,0.00,0.000,0.000,2
88052,-0.046,0.031,1.004,-0.183,0.305,0.183,-56.719,277.129,153.356,0.9946,0.0124,-0.0248,-0.0997,0.02,0.00,0.058,3.2,96051.3,0.00,0.000,0.000,2
88252,-0.046,0.030,1.005,0.000,0.244,0.183,-56.719,277.129,153.356,0.9950,0.0163,-0.0245,-0.0958,0.02,0.00,0.067,3.4,96045.1,0.00,0.000,0.000,2
88452,-0.046,0.032,1.006,-0.122,0.305,0.183,-56.719,277.129,153.356,0.9950,0.0165,-0.0243,-0.0957,0.02,0.00,0.072,3.4,96047.2,0.00,0.000,0.000,2
88652,-0.046,0.030,1.003,-0.122,0.244,0.305,-56.719,277.129,153.356,0.9950,0.0165,-0.0246,-0.0958,0.02,0.00,0.043,3.4,96045.9,0.00,0.000,0.000,2
88852,-0.047,0.030,1.005,-0.061,0.305,0.244,-56.719,277.129,153.356,0.9950,0.0163,-0.0239,-0.0960,0.02,0.00,0.068,3.3,96041.7,0.00,0.000,0.000,2
89052,-0.046,0.030,1.003,-0.061,0.305,0.183,-56.719,277.129,153.356,0.9950,0.0163,-0.0251,-0.0958,0.02,0.00,0.043,3.4,96038.9,0.00,0.000,0.000,2
89252,-0.047,0.030,1.006,0.000,0.183,0.244,-56.719,277.129,153.356,0.9949,0.0161,-0.0261,-0.0958,0.02,0.00,0.077,3.5,96045.8,0.00,0.000,0.000,2
89452,-0.047,0.030,1.004,-0.061,0.366,0.183,-56.719,277.129,153.356,0.9949,0.0159,-0.0260,-0.0956,0.02,0.00,0.058,3.5,96045.1,0.00,0.000,0.000,2
89652,-0.047,0.029,1.005,-0.122,0.305,0.122,-56.719,277.129,153.356,0.9950,0.0164,-0.0236,-0.0959,0.02,0.00,0.067,3.3,96046.0,0.00,0.000,0.000,2
89852,-0.047,0.030,1.003,-0.061,0.244,0.122,-56.719,277.129,153.356,0.9950,0.0166,-0.0254,-0.0955,0.02,0.00,0.048,3.5,96045.9,0.00,0.000,0.000,2
90052,-0.048,0.032,1.005,-0.122,0.244,0.122,-56.719,277.129,153.356,0.9950,0.0167,-0.0255,-0.0956,0.02,0.00,0.069,3.5,96040.3,0.00,0.000,0.000,2
90252,-0.047,0.032,1.004,-0.061,0.427,0.183,-56.719,277.129,153.356,0.9950,0.0171,-0.0242,-0.0957,0.02,0.00,0.059,3.4,96042.4,0.00,0.000,0.000,2
90452,-0.046,0.029,1.005,-0.061,0.244,0.183,-60.264,266.261,147.676,0.9939,0.0157,-0.0244,-0.1067,0.02,0.00,0.062,3.3,96047.2,0.00,0.000,0.000,2
90652,-0.047,0.032,1.005,-0.061,0.427,0.183,-60.264,266.261,147.676,0.9940,0.0162,-0.0228,-0.1061,0.02,0.00,0.068,3.2,96045.2,0.00,0.000,0.000,2
90852,-0.045,0.031,1.004,-0.061,0.305,0.183,-60.264,266.261,147.676,0.9939,0.0162,-0.0245,-0.1063,0.02,0.00,0.058,3.4,96043.8,0.00,0.000,0.000,2
91052,-0.046,0.032,1.007,-0.122,0.366,0.305,-60.264,266.261,147.676,0.9939,0.0166,-0.0239,-0.1062,0.02,0.00,0.087,3.3,96044.5,0.00,0.000,0.000,2
91252,-0.046,0.032,1.002,-0.061,0.366,0.305,-60.264,266.261,147.676,0.9939,0.0163,-0.0237,-0.1063,0.02,0.00,0.039,3.3,96047.3,0.00,0.000,0.000,2
91452,-0.046,0.031,1.004,-0.061,0.244,0.122,-60.264,266.261,147.676,0.9939,0.0160,-0.0240,-0.1064,0.02,0.00,0.058,3.3,96043.1,0.00,0.000,0.000,2
91652,-0.047,0.033,1.005,-0.183,0.366,0.183,-60.264,266.261,147.676,0.9939,0.0168,-0.0245,-0.1061,0.02,0.00,0.068,3.4,96042.4,0.00,0.000,0.000,2
91852,-0.048,0.030,1.006,-0.061,0.244,0.244,-60.264,266.261,147.676,0.9939,0.0163,-0.0242,-0.1065,0.02,0.00,0.078,3.3,96046.6,0.00,0.000,0.000,2
92052,-0.047,0.032,1.009,0.000,0.366,0.244,-60.264,266.261,147.676,0.9939,0.0165,-0.0249,-0.1061,0.02,0.00,0.102,3.4,96042.4,0.00,0.000,0.000,2
92252,-0.046,0.029,1.005,-0.122,0.305,0.305,-60.264,266.261,147.676,0.9939,0.0156,-0.0242,-0.1067,0.02,0.00,0.062,3.3,96047.9,0.00,0.000,0.000,2
92452,-0.045,0.030,1.005,-0.061,0.366,0.183,-60.264,266.261,147.676,0.9939,0.0158,-0.0237,-0.1066,0.02,0.00,0.062,3.3,96043.8,0.00,0.000,0.000,2
92652,-0.045,0.032,1.004,-0.061,0.244,0.122,-63.809,268.978,153.356,0.9934,0.0165,-0.0226,-0.1109,0.02,0.00,0.053,3.2,96043.8,0.00,0.000,0.000,2
92852,-0.045,0.031,1.007,-0.122,0.244,0.244,-63.809,268.978,153.356,0.9933,0.0159,-0.0244,-0.1115,0.02,0.00,0.086,3.3,96042.4,0.00,0.000,0.000,2
93052,-0.043,0.031,1.006,-0.061,0.244,0.183,-63.809,268.978,153.356,0.9934,0.0157,-0.0225,-0.1116,0.02,0.00,0.076,3.1,96045.1,0.00,0.000,0.000,2
93252,-0.046,0.030,1.003,-0.061,0.244,0.183,-63.809,268.978,153.356,0.9936,0.0096,-0.0216,-0.1100,0.02,0.00,0.043,2.7,96044.5,0.00,0.000,0.000,2
93452,-0.046,0.032,1.003,0.000,0.305,0.183,-63.809,268.978,153.356,0.9937,0.0093,-0.0234,-0.1091,0.02,0.00,0.049,2.9,96043.9,0.00,0.000,0.000,2
93652,-0.047,0.030,1.005,-0.061,0.366,0.183,-63.809,268.978,153.356,0.9936,0.0086,-0.0255,-0.1093,0.02,0.00,0.067,3.1,96044.6,0.00,0.000,0.000,2
93852,-0.046,0.031,1.005,-0.061,0.244,0.305,-63.809,268.978,153.356,0.9937,0.0087,-0.0244,-0.1093,0.02,0.00,0.063,3.0,96045.3,0.00,0.000,0.000,2
94052,-0.046,0.031,1.002,-0.244,0.366,0.183,-63.809,268.978,153.356,0.9937,0.0086,-0.0248,-0.1093,0.02,0.00,0.039,3.0,96048.1,0.00,0.000,0.000,2
94252,-0.046,0.031,1.004,0.000,0.305,0.183,-63.809,268.978,153.356,0.9936,0.0088,-0.0257,-0.1093,0.02,0.00,0.053,3.1,96043.2,0.00,0.000,0.000,2
94452,-0.047,0.031,1.007,-0.122,0.366,0.183,-63.809,268.978,153.356,0.9937,0.0085,-0.0253,-0.1093,0.02,0.00,0.082,3.1,96042.4,0.00,0.000,0.000,2
94652,-0.046,0.030,1.004,-0.122,0.366,0.366,-63.809,268.978,153.356,0.9937,0.0087,-0.0251,-0.1092,0.02,0.00,0.053,3.0,96041.6,0.00,0.000,0.000,2
94852,-0.047,0.031,1.006,-0.122,0.244,0.244,-63.809,268.978,153.356,0.9937,0.0087,-0.0243,-0.1093,0.02,0.00,0.077,3.0,96044.6,0.00,0.000,0.000,2
95052,-0.046,0.029,1.003,0.000,0.366,0.244,-54.946,270.337,150.516,0.9953,0.0083,-0.0244,-0.0930,0.02,0.00,0.048,3.0,96046.8,0.00,0.000,0.000,2
95252,-0.045,0.029,1.004,-0.122,0.305,0.244,-54.946,270.337,150.516,0.9953,0.0083,-0.0248,-0.0931,0.02,0.00,0.057,3.0,96046.0,0.00,0.000,0.000,2
95452,-0.047,0.033,1.004,-0.061,0.488,0.183,-54.946,270.337,150.516,0.9953,0.0096,-0.0264,-0.0923,0.02,0.00,0.054,3.2,96044.5,0.00,0.000,0.000,2
95652,-0.044,0.029,1.005,-0.061,0.244,0.122,-54.946,270.337,150.516,0.9954,0.0081,-0.0232,-0.0930,0.02,0.00,0.066,2.8,96043.9,0.00,0.000,0.000,2
95852,-0.045,0.032,1.003,-0.122,0.244,0.244,-54.946,270.337,150.516,0.9954,0.0089,-0.0229,-0.0924,0.02,0.00,0.048,2.8,96047.4,0.00,0.000,0.000,2
96052,-0.044,0.031,1.000,-0.061,0.305,0.305,-54.946,270.337,150.516,0.9954,0.0091,-0.0241,-0.0925,0.02,0.00,0.019,3.0,96046.6,0.00,0.000,0.000,2
96252,-0.046,0.031,1.008,0.000,0.244,0.183,-54.946,270.337,150.516,0.9954,0.0088,-0.0240,-0.0925,0.02,0.00,0.096,2.9,96043.9,0.00,0.000,0.000,2
96452,-0.047,0.029,1.005,-0.122,0.366,0.183,-54.946,270.337,150.516,0.9953,0.0087,-0.0254,-0.0929,0.02,0.00,0.067,3.1,96046.7,0.00,0.000,0.000,2
96652,-0.044,0.030,1.004,-0.061,0.183,0.244,-54.946,270.337,150.516,0.9954,0.0084,-0.0222,-0.0930,0.02,0.00,0.056,2.7,96045.2,0.00,0.000,0.000,2
96852,-0.044,0.032,1.006,-0.183,0.305,0.183,-54.946,270.337,150.516,0.9954,0.0091,-0.0222,-0.0925,0.02,0.00,0.076,2.7,96043.9,0.00,0.000,0.000,2
97052,-0.045,0.030,1.003,-0.122,0.305,0.244,-54.946,270.337,150.516,0.9954,0.0084,-0.0237,-0.0927,0.02,0.00,0.047,2.9,96046.7,0.00,0.000,0.000,2
97252,-0.047,0.030,1.004,-0.061,0.305,0.305,-69.126,262.186,122.117,0.9924,0.0125,-0.0247,-0.1201,0.02,0.00,0.053,3.2,96043.9,0.00,0.000,0.000,2
97452,-0.045,0.032,1.004,-0.122,0.366,0.122,-69.126,262.186,122.117,0.9921,0.0095,-0.0238,-0.1231,0.02,0.00,0.058,2.9,96048.2,0.00,0.000,0.000,2
97652,-0.046,0.031,1.005,-0.183,0.305,0.183,-69.126,262.186,122.117,0.9920,0.0090,-0.0254,-0.1233,0.02,0.00,0.063,3.1,96043.9,0.00,0.000,0.000,2
97852,-0.044,0.032,1.001,-0.122,0.305,0.244,-69.126,262.186,122.117,0.9921,0.0096,-0.0234,-0.1231,0.02,0.00,0.024,2.9,96041.8,0.00,0.000,0.000,2
98052,-0.045,0.030,1.002,-0.061,0.244,0.183,-69.126,262.186,122.117,0.9920,0.0086,-0.0247,-0.1235,0.02,0.00,0.038,3.0,96044.6,0.00,0.000,0.000,2
98252,-0.047,0.029,1.007,-0.061,0.305,0.244,-69.126,262.186,122.117,0.9917,0.0141,-0.0242,-0.1252,0.02,0.00,0.082,3.2,96040.3,0.00,0.000,0.000,2
98452,-0.046,0.031,1.007,-0.183,0.366,0.183,-69.126,262.186,122.117,0.9920,0.0100,-0.0267,-0.1233,0.02,0.00,0.087,3.3,96045.3,0.00,0.000,0.000,2
98652,-0.045,0.027,1.003,-0.183,0.366,0.244,-69.126,262.186,122.117,0.9920,0.0078,-0.0241,-0.1236,0.02,0.00,0.047,2.9,96047.4,0.00,0.000,0.000,2
98852,-0.047,0.031,1.004,-0.183,0.183,0.183,-69.126,262.186,122.117,0.9919,0.0116,-0.0221,-0.1242,0.02,0.00,0.053,2.9,96041.7,0.00,0.000,0.000,2
99052,-0.046,0.032,1.004,-0.122,0.244,0.244,-69.126,262.186,122.117,0.9920,0.0109,-0.0236,-0.1235,0.02,0.00,0.058,3.0,96045.3,0.00,0.000,0.000,2
99252,-0.046,0.031,1.002,-0.061,0.305,0.183,-69.126,262.186,122.117,0.9919,0.0099,-0.0267,-0.1234,0.02,0.00,0.039,3.3,96044.6,0.00,0.000,0.000,2
99452,-0.046,0.029,1.004,0.000,0.366,0.183,-69.126,267.620,161.876,0.9925,0.0081,-0.0243,-0.1196,0.02,0.00,0.053,2.9,96045.3,0.00,0.000,0.000,2
99652,-0.046,0.031,1.003,-0.122,0.305,0.183,-69.126,267.620,161.876,0.9925,0.0090,-0.0259,-0.1192,0.02,0.00,0.048,3.1,96046.8,0.00,0.000,0.000,2
99852,-0.045,0.029,1.003,-0.122,0.366,0.183,-69.126,267.620,161.876,0.9925,0.0084,-0.0247,-0.1193,0.03,0.00,0.048,3.0,96037.5,0.00,0.000,0.000,2
100052,-0.046,0.032,1.003,-0.061,0.183,0.183,-69.126,267.620,161.876,0.9925,0.0089,-0.0249,-0.1191,0.03,0.00,0.044,3.0,96046.0,0.00,0.000,0.000,2
