# Time (s), Altitude AGL (m), Vz (m/s)
0.000000,0.000000,0.000000
0.010000,-0.000000,-0.000000
0.020000,0.000000,0.000000
0.030000,-0.000000,-0.000000
0.040000,-0.000000,-0.000000
0.050000,0.000000,0.000000
0.060000,0.000000,0.000000
0.070000,-0.000000,-0.000000
0.080000,-0.000000,-0.000000
0.090000,0.000000,0.000000
0.100000,0.000000,0.000000
0.110000,0.000000,0.000000
0.120000,0.000000,0.000000
0.130000,0.000000,0.000000
0.140000,0.000000,0.000000
0.150000,0.000000,0.000000
0.160000,0.000000,0.000000
0.170000,0.000000,0.000000
0.180000,0.000000,0.000000
0.190000,0.000000,0.000000
0.200000,0.000000,0.000000
0.210000,0.000000,0.000000
0.220000,0.000000,0.000000
0.230000,0.000000,0.000000
0.240000,0.000000,0.000000
0.250000,0.000000,0.000000
0.260000,0.000000,0.000000
0.270000,0.000000,0.000000
0.280000,0.000000,0.000000
0.290000,0.000000,0.000000
0.300000,0.000000,0.000000
0.310000,-0.000000,-0.000000
0.320000,-0.000000,-0.000000
0.330000,-0.000000,-0.000000
0.340000,-0.000000,-0.000000
0.350000,-0.000000,-0.000000
0.360000,-0.000000,-0.000000
0.370000,-0.000000,-0.000000
0.380000,-0.000000,-0.000000
0.390000,-0.000000,-0.000000
0.400000,-0.000000,-0.000000
0.410000,-0.000000,-0.000000
0.420000,-0.000000,-0.000000
0.430000,-0.000000,-0.000000
0.440000,-0.000000,-0.000000
0.450000,-0.000000,-0.000000
0.460000,-0.000000,-0.000000
0.470000,-0.000000,-0.000000
0.480000,-0.000000,-0.000000
0.490000,-0.000000,-0.000000
0.500000,-0.000000,-0.000000
0.510000,-0.000000,-0.000000
0.520000,-0.000000,-0.000000
0.530000,0.000000,0.000000
0.540000,-0.000000,-0.000000
0.550000,-0.000000,-0.000000
0.560000,0.000000,0.000004
0.570000,-0.000000,-0.000131
0.580000,0.000028,0.007882
0.590000,0.000246,0.039174
0.600000,0.000893,0.096356
0.610000,0.002230,0.179460
0.620000,0.004521,0.288473
0.630000,0.008033,0.423385
0.640000,0.013032,0.584185
0.650000,0.019779,0.770889
0.660000,0.028532,0.983526
0.670000,0.039546,1.222130
0.680000,0.053080,1.486729
0.690000,0.069390,1.777208
0.700000,0.088736,2.093798
0.710000,0.111321,2.423305
0.720000,0.137202,2.752742
0.730000,0.166376,3.082108
0.740000,0.198842,3.411400
0.750000,0.234600,3.740619
0.760000,0.273649,4.069763
0.770000,0.315989,4.398831
0.780000,0.361620,4.727824
0.790000,0.410541,5.056739
0.800000,0.462752,5.385578
0.810000,0.518251,5.714340
0.820000,0.577037,6.043026
0.830000,0.639108,6.371638
0.840000,0.704463,6.700176
0.850000,0.773100,7.028641
0.860000,0.845020,7.357032
0.870000,0.920225,7.685352
0.880000,0.998714,8.013600
0.890000,1.080491,8.341776
0.900000,1.165556,8.669882
0.910000,1.253912,8.997917
0.920000,1.345556,9.325885
0.930000,1.440486,9.653788
0.940000,1.538700,9.981632
0.950000,1.640195,10.309420
0.960000,1.744967,10.637157
0.970000,1.853015,10.964846
0.980000,1.964336,11.292491
0.990000,2.078927,11.620097
1.000000,2.196785,11.947668
1.010000,2.317907,12.275208
1.020000,2.442291,12.602720
1.030000,2.569934,12.930210
1.040000,2.700834,13.257680
1.050000,2.834987,13.585136
1.060000,2.972390,13.912581
1.070000,3.113042,14.240019
1.080000,3.256939,14.567454
1.090000,3.404085,14.894885
1.100000,3.554504,15.222291
1.110000,3.708230,15.549642
1.120000,3.865295,15.876911
1.130000,4.025729,16.204071
1.140000,4.189566,16.531093
1.150000,4.356838,16.857949
1.160000,4.527297,17.184712
1.170000,4.700772,17.511493
1.180000,4.877513,17.838293
1.190000,5.057527,18.165112
1.200000,5.240814,18.491948
1.210000,5.427371,18.818799
1.220000,5.617196,19.145664
1.230000,5.810290,19.472543
1.240000,6.006650,19.799436
1.250000,6.206279,20.126344
1.260000,6.409176,20.453268
1.270000,6.615343,20.780210
1.280000,6.824779,21.107171
1.290000,7.037485,21.434157
1.300000,7.253462,21.761172
1.310000,7.472710,22.088224
1.320000,7.695228,22.415318
1.330000,7.921018,22.742459
1.340000,8.150078,23.069648
1.350000,8.382411,23.396881
1.360000,8.618016,23.724154
1.370000,8.856893,24.051462
1.380000,9.099045,24.378803
1.390000,9.344469,24.706175
1.400000,9.593168,25.033578
1.410000,9.845141,25.361012
1.420000,10.100388,25.688477
1.430000,10.358910,26.015974
1.440000,10.620708,26.343502
1.450000,10.885780,26.671062
1.460000,11.154129,26.998652
1.470000,11.425754,27.326272
1.480000,11.700654,27.653923
1.490000,11.978832,27.981604
1.500000,12.260287,28.309314
1.510000,12.545018,28.637053
1.520000,12.833028,28.964823
1.530000,13.124315,29.292621
1.540000,13.418880,29.620450
1.550000,13.716724,29.948307
1.560000,14.017846,30.276193
1.570000,14.322248,30.604103
1.580000,14.629928,30.932036
1.590000,14.940888,31.259987
1.600000,15.255127,31.587954
1.610000,15.572647,31.915934
1.620000,15.893446,32.243922
1.630000,16.217525,32.571916
1.640000,16.544884,32.899911
1.650000,16.875523,33.227904
1.660000,17.209441,33.555890
1.670000,17.546640,33.883867
1.680000,17.887118,34.211829
1.690000,18.230876,34.539776
1.700000,18.577914,34.867706
1.710000,18.928231,35.195618
1.720000,19.281827,35.523512
1.730000,19.638702,35.851388
1.740000,19.998855,36.179243
1.750000,20.362287,36.507078
1.760000,20.728997,36.834892
1.770000,21.098985,37.162681
1.780000,21.472251,37.490445
1.790000,21.848794,37.818182
1.800000,22.228614,38.145888
1.810000,22.611711,38.473564
1.820000,22.998085,38.801205
1.830000,23.387735,39.128810
1.840000,23.780661,39.456376
1.850000,24.176862,39.783897
1.860000,24.576338,40.111371
1.870000,24.979089,40.438793
1.880000,25.385114,40.766160
1.890000,25.794412,41.093468
1.900000,26.206983,41.420714
1.910000,26.622826,41.747897
1.920000,27.041941,42.075016
1.930000,27.464326,42.402071
1.940000,27.889982,42.729059
1.950000,28.318908,43.055981
1.960000,28.751102,43.382835
1.970000,29.186565,43.709621
1.980000,29.625295,44.036338
1.990000,30.067292,44.362987
2.000000,30.512555,44.689565
2.010000,30.961083,45.016074
2.020000,31.412876,45.342513
2.030000,31.867933,45.668882
2.040000,32.326254,45.995180
2.050000,32.787837,46.321409
2.060000,33.252682,46.647569
2.070000,33.720788,46.973663
2.080000,34.192155,47.299692
2.090000,34.666783,47.625657
2.100000,35.144669,47.951559
2.110000,35.625814,48.277400
2.120000,36.110217,48.603179
2.130000,36.597877,48.928898
2.140000,37.088795,49.254558
2.150000,37.582968,49.580157
2.160000,38.080398,49.905698
2.170000,38.581082,50.231180
2.180000,39.085021,50.556605
2.190000,39.592214,50.881978
2.200000,40.102661,51.207306
2.210000,40.616361,51.532597
2.220000,41.133314,51.857858
2.230000,41.653519,52.183096
2.240000,42.176976,52.508316
2.250000,42.703685,52.833518
2.260000,43.233646,53.158704
2.270000,43.766858,53.483874
2.280000,44.303323,53.809030
2.290000,44.843039,54.134173
2.300000,45.386006,54.459307
2.310000,45.932225,54.784439
2.320000,46.481695,55.109573
2.330000,47.034417,55.434717
2.340000,47.590390,55.759874
2.350000,48.149615,56.085051
2.360000,48.712091,56.410251
2.370000,49.277820,56.735479
2.380000,49.846801,57.060737
2.390000,50.419035,57.386031
2.400000,50.994521,57.711363
2.410000,51.573262,58.036738
2.420000,52.155256,58.362156
2.430000,52.740505,58.687622
2.440000,53.329009,59.013137
2.450000,53.920768,59.338705
2.460000,54.515783,59.664328
2.470000,55.114055,59.990007
2.480000,55.715583,60.315743
2.490000,56.320370,60.641538
2.500000,56.928414,60.967394
2.510000,57.539718,61.293313
2.520000,58.154281,61.619305
2.530000,58.772104,61.945379
2.540000,59.393189,62.271546
2.550000,60.017536,62.597815
2.560000,60.645146,62.924198
2.570000,61.276020,63.250696
2.580000,61.910160,63.577304
2.590000,62.547567,63.904017
2.600000,63.188241,64.230832
2.610000,63.832183,64.557745
2.620000,64.479396,64.884757
2.630000,65.129879,65.211865
2.640000,65.783633,65.539067
2.650000,66.440660,65.866363
2.660000,67.100961,66.193752
2.670000,67.764536,66.521237
2.680000,68.431386,66.848820
2.690000,69.101513,67.176502
2.700000,69.774916,67.504285
2.710000,70.451599,67.832166
2.720000,71.131560,68.160140
2.730000,71.814802,68.488205
2.740000,72.501324,68.816361
2.750000,73.191129,69.144606
2.760000,73.884217,69.472934
2.770000,74.580588,69.801337
2.780000,75.280244,70.129813
2.790000,75.983184,70.458361
2.800000,76.689411,70.786981
2.810000,77.398924,71.115675
2.820000,78.111725,71.444449
2.830000,78.827814,71.773309
2.840000,79.547191,72.102254
2.850000,80.269859,72.431280
2.860000,80.995817,72.760375
2.870000,81.725066,73.089534
2.880000,82.457608,73.418751
2.890000,83.193441,73.748023
2.900000,83.932568,74.077346
2.910000,84.674989,74.406712
2.920000,85.420703,74.736112
2.930000,86.169711,75.065536
2.940000,86.922013,75.394975
2.950000,87.677610,75.724416
2.960000,88.436501,76.053841
2.970000,89.198686,76.383225
2.980000,89.964164,76.712542
2.990000,90.732935,77.041768
3.000000,91.504999,77.370882
3.010000,92.280353,77.699883
3.020000,93.058997,78.028780
3.030000,93.840930,78.357581
3.040000,94.626151,78.686294
3.050000,95.414658,79.014926
3.060000,96.206450,79.343481
3.070000,97.001527,79.671962
3.080000,97.799889,80.000371
3.090000,98.601534,80.328711
3.100000,99.406463,80.656988
3.110000,100.214674,80.985217
3.120000,101.026168,81.313418
3.130000,101.840944,81.641610
3.140000,102.659001,81.969810
3.150000,103.480341,82.298031
3.160000,104.304962,82.626271
3.170000,105.132865,82.954522
3.180000,105.964051,83.282779
3.190000,106.798519,83.611036
3.200000,107.636271,83.939288
3.210000,108.477305,84.267538
3.220000,109.321622,84.595786
3.230000,110.169221,84.924035
3.240000,111.020103,85.252287
3.250000,111.874267,85.580541
3.260000,112.731714,85.908796
3.270000,113.592443,86.237051
3.280000,114.456455,86.565303
3.290000,115.323749,86.893551
3.300000,116.194326,87.221799
3.310000,117.068185,87.550055
3.320000,117.945328,87.878330
3.330000,118.825753,88.206633
3.340000,119.709461,88.534975
3.350000,120.596453,88.863359
3.360000,121.486728,89.191782
3.370000,122.380288,89.520241
3.380000,123.277132,89.848733
3.390000,124.177262,90.177257
3.400000,125.080677,90.505811
3.410000,125.987378,90.834400
3.420000,126.897365,91.163025
3.430000,127.810639,91.491690
3.440000,128.727200,91.820398
3.450000,129.647047,92.149151
3.460000,130.570183,92.477953
3.470000,131.496607,92.806806
3.480000,132.426319,93.135711
3.490000,133.359321,93.464667
3.500000,134.295613,93.793672
3.510000,135.235194,94.122721
3.520000,136.178067,94.451807
3.530000,137.124231,94.780924
3.540000,138.073685,95.110066
3.550000,139.026432,95.439226
3.560000,139.982470,95.768397
3.570000,140.941799,96.097574
3.580000,141.904421,96.426751
3.590000,142.870334,96.755922
3.600000,143.839539,97.085083
3.610000,144.812035,97.414226
3.620000,145.787823,97.743346
3.630000,146.766902,98.072438
3.640000,147.749271,98.401499
3.650000,148.734931,98.730526
3.660000,149.723881,99.059517
3.670000,150.716121,99.388468
3.680000,151.711651,99.717377
3.690000,152.710469,100.046237
3.700000,153.712575,100.375044
3.710000,154.717969,100.703792
3.720000,155.726651,101.032474
3.730000,156.738619,101.361084
3.740000,157.753872,101.689614
3.750000,158.772411,102.018059
3.760000,159.794233,102.346415
3.770000,160.819339,102.674674
3.780000,161.847726,103.002821
3.790000,162.879394,103.330843
3.800000,163.914342,103.658728
3.810000,164.952568,103.986465
3.820000,165.994071,104.314048
3.830000,167.038849,104.641472
3.840000,168.086900,104.968736
3.850000,169.138223,105.295837
3.860000,170.192817,105.622775
3.870000,171.250678,105.949551
3.880000,172.311807,106.276172
3.890000,173.376202,106.602644
3.900000,174.443860,106.928972
3.910000,175.514781,107.255141
3.920000,176.588962,107.581136
3.930000,177.666402,107.906940
3.940000,178.747099,108.232536
3.950000,179.831051,108.557905
3.960000,180.918256,108.883031
3.970000,182.008711,109.207913
3.980000,183.102413,109.532547
3.990000,184.199361,109.856937
4.000000,185.299552,110.181091
4.010000,186.402983,110.505023
4.020000,187.509652,110.828745
4.030000,188.619558,111.152270
4.040000,189.732697,111.475612
4.050000,190.849069,111.798786
4.060000,191.968672,112.121812
4.070000,193.091505,112.444709
4.080000,194.217566,112.767497
4.090000,195.346854,113.090194
4.100000,196.479368,113.412811
4.110000,197.615109,113.735359
4.120000,198.754074,114.057847
4.130000,199.896264,114.380284
4.140000,201.041679,114.702674
4.150000,202.190317,115.025021
4.160000,203.342178,115.347328
4.170000,204.497262,115.669587
4.180000,205.655568,115.991783
4.190000,206.817096,116.313901
4.200000,207.981845,116.635924
4.210000,209.149813,116.957830
4.220000,210.321000,117.279597
4.230000,211.495404,117.601201
4.240000,212.673023,117.922620
4.250000,213.853855,118.243839
4.260000,215.037898,118.564843
4.270000,216.225151,118.885620
4.280000,217.415610,119.206158
4.290000,218.609273,119.526454
4.300000,219.806138,119.846504
4.310000,221.006203,120.166305
4.320000,222.209464,120.485854
4.330000,223.415920,120.805149
4.340000,224.625568,121.124188
4.350000,225.838405,121.442970
4.360000,227.054428,121.761490
4.370000,228.273635,122.079743
4.380000,229.496023,122.397725
4.390000,230.721590,122.715429
4.400000,231.950332,123.032850
4.410000,233.182246,123.349980
4.420000,234.417330,123.666812
4.430000,235.655581,123.983339
4.440000,236.896995,124.299560
4.450000,238.141570,124.615472
4.460000,239.389302,124.931072
4.470000,240.640189,125.246362
4.480000,241.894228,125.561352
4.490000,243.151415,125.876049
4.500000,244.411747,126.190462
4.510000,245.675223,126.504601
4.520000,246.941839,126.818478
4.530000,248.211592,127.132104
4.540000,249.484481,127.445488
4.550000,250.760502,127.758637
4.560000,252.039654,128.071554
4.570000,253.321933,128.384244
4.580000,254.607339,128.696711
4.590000,255.895867,129.008968
4.600000,257.187518,129.321028
4.610000,258.482288,129.632901
4.620000,259.780175,129.944607
4.630000,261.081179,130.256166
4.640000,262.385297,130.567604
4.650000,263.692529,130.878944
4.660000,265.002874,131.190204
4.670000,266.316331,131.501401
4.680000,267.632900,131.812546
4.690000,268.952581,132.123651
4.700000,270.275372,132.434716
4.710000,271.601274,132.745743
4.720000,272.930286,133.056731
4.730000,274.262408,133.367677
4.740000,275.597639,133.678575
4.750000,276.935979,133.989421
4.760000,278.277428,134.300209
4.770000,279.621984,134.610935
4.780000,280.969647,134.921592
4.790000,282.320416,135.232179
4.800000,283.674291,135.542691
4.810000,285.031270,135.853124
4.820000,286.391353,136.163474
4.830000,287.754539,136.473734
4.840000,289.120828,136.783899
4.850000,290.490217,137.093966
4.860000,291.862707,137.403931
4.870000,293.238295,137.713792
4.880000,294.616982,138.023537
4.890000,295.998765,138.333148
4.900000,297.383644,138.642607
4.910000,298.771616,138.951894
4.920000,300.162681,139.260988
4.930000,301.556835,139.569865
4.940000,302.954077,139.878509
4.950000,304.354404,140.186908
4.960000,305.757815,140.495052
4.970000,307.164305,140.802934
4.980000,308.573874,141.110554
4.990000,309.986517,141.417914
5.000000,311.402232,141.725016
5.010000,312.821017,142.031864
5.020000,314.242869,142.338459
5.030000,315.667785,142.644805
5.040000,317.095764,142.950908
5.050000,318.526802,143.256771
5.060000,319.960898,143.562402
5.070000,321.398049,143.867804
5.080000,322.838253,144.172985
5.090000,324.281507,144.477949
5.100000,325.727811,144.782701
5.110000,327.177160,145.087248
5.120000,328.629555,145.391593
5.130000,330.084992,145.695742
5.140000,331.543469,145.999701
5.150000,333.004985,146.303475
5.160000,334.469538,146.607068
5.170000,335.937126,146.910479
5.180000,337.407747,147.213712
5.190000,338.881400,147.516764
5.200000,340.358082,147.819635
5.210000,341.837791,148.122322
5.220000,343.320527,148.424825
5.230000,344.806287,148.727142
5.240000,346.295069,149.029272
5.250000,347.786872,149.331214
5.260000,349.281693,149.632967
5.270000,350.779531,149.934531
5.280000,352.280383,150.235905
5.290000,353.784248,150.537086
5.300000,355.291124,150.838071
5.310000,356.801009,151.138856
5.320000,358.313901,151.439433
5.330000,359.829797,151.739794
5.340000,361.348696,152.039932
5.350000,362.870595,152.339837
5.360000,364.395492,152.639503
5.370000,365.923384,152.938920
5.380000,367.454269,153.238080
5.390000,368.988145,153.536980
5.400000,370.525008,153.835614
5.410000,372.064856,154.133978
5.420000,373.607687,154.432068
5.430000,375.153497,154.729879
5.440000,376.702284,155.027406
5.450000,378.254045,155.324644
5.460000,379.808776,155.621586
5.470000,381.366475,155.918226
5.480000,382.927139,156.214555
5.490000,384.490765,156.510570
5.500000,386.057350,156.806265
5.510000,387.626889,157.101639
5.520000,389.199381,157.396688
5.530000,390.774822,157.691416
5.540000,392.353209,157.985826
5.550000,393.934538,158.279923
5.560000,395.518807,158.573710
5.570000,397.106011,158.867190
5.580000,398.696150,159.160367
5.590000,400.289218,159.453240
5.600000,401.885213,159.745795
5.610000,403.484132,160.038019
5.620000,405.085971,160.329898
5.630000,406.690728,160.621420
5.640000,408.298397,160.912570
5.650000,409.908977,161.203336
5.660000,411.522462,161.493710
5.670000,413.138850,161.783689
5.680000,414.758135,162.073271
5.690000,416.380315,162.362454
5.700000,418.005384,162.651242
5.710000,419.633340,162.939639
5.720000,421.264177,163.227649
5.730000,422.897893,163.515283
5.740000,424.534483,163.802555
5.750000,426.173943,164.089482
5.760000,427.816272,164.376078
5.770000,429.461464,164.662353
5.780000,431.109517,164.948317
5.790000,432.760428,165.233978
5.800000,434.414195,165.519340
5.810000,436.070813,165.804398
5.820000,437.730280,166.089151
5.830000,439.392593,166.373596
5.840000,441.057749,166.657727
5.850000,442.725746,166.941537
5.860000,444.396579,167.225023
5.870000,446.070245,167.508174
5.880000,447.746741,167.790983
5.890000,449.426064,168.073438
5.900000,451.108209,168.355533
5.910000,452.793174,168.637264
5.920000,454.480954,168.918625
5.930000,456.171546,169.199615
5.940000,457.864946,169.480233
5.950000,459.561151,169.760479
5.960000,461.260155,170.040357
5.970000,462.961957,170.319867
5.980000,464.666552,170.599013
5.990000,466.373936,170.877798
6.000000,468.084106,171.156224
6.010000,469.797059,171.434286
6.020000,471.512790,171.711977
6.030000,473.231296,171.989288
6.040000,474.952574,172.266212
6.050000,476.676618,172.542740
6.060000,478.403426,172.818864
6.070000,480.132994,173.094577
6.080000,481.865316,173.369876
6.090000,483.600390,173.644760
6.100000,485.338211,173.919229
6.110000,487.078774,174.193284
6.120000,488.822076,174.466929
6.130000,490.568113,174.740167
6.140000,492.316879,175.012997
6.150000,494.068371,175.285404
6.160000,495.822585,175.557369
6.170000,497.579516,175.828872
6.180000,499.339160,176.099896
6.190000,501.101512,176.370417
6.200000,502.866566,176.640414
6.210000,504.634317,176.909866
6.220000,506.404760,177.178755
6.230000,508.177890,177.447074
6.240000,509.953699,177.714814
6.250000,511.732183,177.981966
6.260000,513.513336,178.248531
6.270000,515.297152,178.514516
6.280000,517.083625,178.779929
6.290000,518.872749,179.044801
6.300000,520.664520,179.309190
6.310000,522.458933,179.573159
6.320000,524.255984,179.836765
6.330000,526.055669,180.100060
6.340000,527.857985,180.363095
6.350000,529.662929,180.625912
6.360000,531.470499,180.888523
6.370000,533.280694,181.150934
6.380000,535.093512,181.413149
6.390000,536.908951,181.675158
6.400000,538.727010,181.936947
6.410000,540.547686,182.198500
6.420000,542.370978,182.459803
6.430000,544.196882,182.720838
6.440000,546.025396,182.981590
6.450000,547.856516,183.242048
6.460000,549.690240,183.502206
6.470000,551.526564,183.762055
6.480000,553.365484,184.021594
6.490000,555.206998,184.280824
6.500000,557.051101,184.539744
6.510000,558.897792,184.798358
6.520000,560.747067,185.056667
6.530000,562.598923,185.314675
6.540000,564.453358,185.572380
6.550000,566.310368,185.829780
6.560000,568.169950,186.086868
6.570000,570.032102,186.343633
6.580000,571.896820,186.600045
6.590000,573.764100,186.856070
6.600000,575.633938,187.111675
6.610000,577.506331,187.366830
6.620000,579.381273,187.621506
6.630000,581.258760,187.875677
6.640000,583.138787,188.129334
6.650000,585.021348,188.382478
6.660000,586.906437,188.635108
6.670000,588.794049,188.887247
6.680000,590.684180,189.138895
6.690000,592.576825,189.390050
6.700000,594.471980,189.640712
6.710000,596.369638,189.890880
6.720000,598.269796,190.140559
6.730000,600.172448,190.389763
6.740000,602.077590,190.638503
6.750000,603.985217,190.886786
6.760000,605.895324,191.134614
6.770000,607.807908,191.381989
6.780000,609.722963,191.628909
6.790000,611.640485,191.875375
6.800000,613.560469,192.121384
6.810000,615.482911,192.366939
6.820000,617.407806,192.612035
6.830000,619.335150,192.856673
6.840000,621.264938,193.100856
6.850000,623.197166,193.344589
6.860000,625.131829,193.587878
6.870000,627.068922,193.830730
6.880000,629.008442,194.073148
6.890000,630.950384,194.315138
6.900000,632.894743,194.556705
6.910000,634.841516,194.797850
6.920000,636.790699,195.038574
6.930000,638.742287,195.278881
6.940000,640.696275,195.518767
6.950000,642.652661,195.758231
6.960000,644.611439,195.997268
6.970000,646.572604,196.235869
6.980000,648.536154,196.474018
6.990000,650.502083,196.711700
7.000000,652.470386,196.948891
7.010000,654.441058,197.185554
7.020000,656.414094,197.421653
7.030000,658.389488,197.657148
7.040000,660.367234,197.892002
7.050000,662.347326,198.126237
7.060000,664.329757,198.359867
7.070000,666.314521,198.592900
7.080000,668.301613,198.825342
7.090000,670.291026,199.057201
7.100000,672.282755,199.288480
7.110000,674.276794,199.519182
7.120000,676.273137,199.749321
7.130000,678.271779,199.978903
7.140000,680.272713,200.207894
7.150000,682.275934,200.436254
7.160000,684.281436,200.663959
7.170000,686.289211,200.890992
7.180000,688.299253,201.117340
7.190000,690.311555,201.342990
7.200000,692.326110,201.567932
7.210000,694.342911,201.792156
7.220000,696.361951,202.015651
7.230000,698.383222,202.238408
7.240000,700.406717,202.460429
7.250000,702.432429,202.681734
7.260000,704.460350,202.902306
7.270000,706.490472,203.122066
7.280000,708.522787,203.340910
7.290000,710.557285,203.558669
7.300000,712.593954,203.775167
7.310000,714.632781,203.990278
7.320000,716.673752,204.203905
7.330000,718.716853,204.415997
7.340000,720.762067,204.626548
7.350000,722.809380,204.835559
7.360000,724.858776,205.043031
7.370000,726.910239,205.248976
7.380000,728.963755,205.453436
7.390000,731.019308,205.656478
7.400000,733.076883,205.858092
7.410000,735.136466,206.058114
7.420000,737.198040,206.256362
7.430000,739.261586,206.452607
7.440000,741.327082,206.646601
7.450000,743.394506,206.838137
7.460000,745.463832,207.027096
7.470000,747.535035,207.213378
7.480000,749.608087,207.396955
7.490000,751.682963,207.577840
7.500000,753.759635,207.756044
7.510000,755.838076,207.931584
7.520000,757.918261,208.104477
7.530000,760.000162,208.274780
7.540000,762.083753,208.442567
7.550000,764.169009,208.607767
7.560000,766.255897,208.769965
7.570000,768.344389,208.928702
7.580000,770.434448,209.083600
7.590000,772.526035,209.234329
7.600000,774.619110,209.380623
7.610000,776.713627,209.522362
7.620000,778.809541,209.659456
7.630000,780.906805,209.791897
7.640000,783.005372,209.919734
7.650000,785.105195,210.043004
7.660000,787.206228,210.161717
7.670000,789.308423,210.275884
7.680000,791.411737,210.385593
7.690000,793.516126,210.490988
7.700000,795.621548,210.592242
7.710000,797.727963,210.689624
7.720000,799.835334,210.783411
7.730000,801.943625,210.873807
7.740000,804.052803,210.960967
7.750000,806.162835,211.045012
7.760000,808.273691,211.125972
7.770000,810.385340,211.203862
7.780000,812.497752,211.278685
7.790000,814.610897,211.350435
7.800000,816.724744,211.419086
7.810000,818.839262,211.484556
7.820000,820.954420,211.546765
7.830000,823.070186,211.605839
7.840000,825.186529,211.662064
7.850000,827.303422,211.715704
7.860000,829.420839,211.766935
7.870000,831.538758,211.815918
7.880000,833.657157,211.862791
7.890000,835.776014,211.907629
7.900000,837.895310,211.950492
7.910000,840.015023,211.991424
7.920000,842.135136,212.030412
7.930000,844.255627,212.067434
7.940000,846.376477,212.102469
7.950000,848.497666,212.135491
7.960000,850.619174,212.166479
7.970000,852.740982,212.195419
7.980000,854.863069,212.222327
7.990000,856.985416,212.247221
8.000000,859.108002,212.270123
8.010000,861.230808,212.291052
8.020000,863.353814,212.310030
8.030000,865.477001,212.327075
8.040000,867.600349,212.342201
8.050000,869.723840,212.355421
8.060000,871.847453,212.366740
8.070000,873.971169,212.376148
8.080000,876.094970,212.383635
8.090000,878.218837,212.389208
8.100000,880.342749,212.392906
8.110000,882.466690,212.394773
8.120000,884.590641,212.394871
8.130000,886.714584,212.393292
8.140000,888.838505,212.390132
8.150000,890.962385,212.385465
8.160000,893.086212,212.379336
8.170000,895.209969,212.371786
8.180000,897.333644,212.362846
8.190000,899.457221,212.352532
8.200000,901.580688,212.340857
8.210000,903.704031,212.327831
8.220000,905.827237,212.313441
8.230000,907.950291,212.297669
8.240000,910.073181,212.280506
8.250000,912.195893,212.262016
8.260000,914.318416,212.242300
8.270000,916.440735,212.221461
8.280000,918.562842,212.199591
8.290000,920.684725,212.176760
8.300000,922.806375,212.153043
8.310000,924.927785,212.128501
8.320000,927.048945,212.103164
8.330000,929.169848,212.077054
8.340000,931.290486,212.050191
8.350000,933.410850,212.022571
8.360000,935.530934,211.994177
8.370000,937.650729,211.964991
8.380000,939.770229,211.935013
8.390000,941.889424,211.904265
8.400000,944.008309,211.872769
8.410000,946.126874,211.840550
8.420000,948.245115,211.807632
8.430000,950.363022,211.774037
8.440000,952.480591,211.739790
8.450000,954.597815,211.704905
8.460000,956.714687,211.669394
8.470000,958.831201,211.633267
8.480000,960.947351,211.596531
8.490000,963.063130,211.559185
8.500000,965.178533,211.521231
8.510000,967.293553,211.482667
8.520000,969.408184,211.443491
8.530000,971.522420,211.403700
8.540000,973.636255,211.363290
8.550000,975.749683,211.322259
8.560000,977.862697,211.280605
8.570000,979.975292,211.238326
8.580000,982.087461,211.195420
8.590000,984.199197,211.151888
8.600000,986.310496,211.107731
8.610000,988.421350,211.062949
8.620000,990.531752,211.017538
8.630000,992.641698,210.971494
8.640000,994.751180,210.924814
8.650000,996.860192,210.877507
8.660000,998.968729,210.829588
8.670000,1001.076783,210.781070
8.680000,1003.184349,210.731975
8.690000,1005.291421,210.682327
8.700000,1007.397995,210.632154
8.710000,1009.504064,210.581479
8.720000,1011.609624,210.530319
8.730000,1013.714670,210.478686
8.740000,1015.819197,210.426593
8.750000,1017.923200,210.374046
8.760000,1020.026676,210.321046
8.770000,1022.129619,210.267595
8.780000,1024.232025,210.213693
8.790000,1026.333890,210.159340
8.800000,1028.435209,210.104535
8.810000,1030.535978,210.049278
8.820000,1032.636192,209.993571
8.830000,1034.735847,209.937418
8.840000,1036.834938,209.880819
8.850000,1038.933461,209.823780
8.860000,1041.031412,209.766301
8.870000,1043.128786,209.708387
8.880000,1045.225579,209.650038
8.890000,1047.321786,209.591256
8.900000,1049.417403,209.532041
8.910000,1051.512425,209.472393
8.920000,1053.606849,209.412314
8.930000,1055.700670,209.351802
8.940000,1057.793884,209.290857
8.950000,1059.886485,209.229457
8.960000,1061.978470,209.167564
8.970000,1064.069833,209.105140
8.980000,1066.160569,209.042153
8.990000,1068.250672,208.978575
9.000000,1070.340136,208.914381
9.010000,1072.428955,208.849548
9.020000,1074.517124,208.784070
9.030000,1076.604634,208.717943
9.040000,1078.691481,208.651165
9.050000,1080.777656,208.583729
9.060000,1082.863155,208.515627
9.070000,1084.947968,208.446850
9.080000,1087.032091,208.377409
9.090000,1089.115517,208.307349
9.100000,1091.198239,208.236719
9.110000,1093.280253,208.165565
9.120000,1095.361553,208.093925
9.130000,1097.442134,208.021833
9.140000,1099.521991,207.949323
9.150000,1101.601121,207.876412
9.160000,1103.679519,207.803111
9.170000,1105.757182,207.729426
9.180000,1107.834105,207.655365
9.190000,1109.910286,207.580924
9.200000,1111.985720,207.506104
9.210000,1114.060404,207.430901
9.220000,1116.134334,207.355302
9.230000,1118.207506,207.279294
9.240000,1120.279916,207.202861
9.250000,1122.351559,207.125990
9.260000,1124.422432,207.048668
9.270000,1126.492530,206.970882
9.280000,1128.561847,206.892623
9.290000,1130.630380,206.813887
9.300000,1132.698124,206.734672
9.310000,1134.765072,206.654974
9.320000,1136.831222,206.574791
9.330000,1138.896568,206.494119
9.340000,1140.961104,206.412954
9.350000,1143.024826,206.331305
9.360000,1145.087730,206.249185
9.370000,1147.149810,206.166611
9.380000,1149.211063,206.083598
9.390000,1151.271483,206.000162
9.400000,1153.331066,205.916322
9.410000,1155.389810,205.832094
9.420000,1157.447709,205.747494
9.430000,1159.504759,205.662527
9.440000,1161.560958,205.577199
9.450000,1163.616302,205.491517
9.460000,1165.670787,205.405485
9.470000,1167.724410,205.319110
9.480000,1169.777167,205.232396
9.490000,1171.829056,205.145348
9.500000,1173.880072,205.057953
9.510000,1175.930212,204.970189
9.520000,1177.979472,204.882033
9.530000,1180.027848,204.793465
9.540000,1182.075337,204.704467
9.550000,1184.121933,204.615025
9.560000,1186.167633,204.525121
9.570000,1188.212432,204.434745
9.580000,1190.256326,204.343891
9.590000,1192.299308,204.252555
9.600000,1194.341375,204.160733
9.610000,1196.382522,204.068425
9.620000,1198.422743,203.975633
9.630000,1200.462035,203.882358
9.640000,1202.500391,203.788603
9.650000,1204.537807,203.694373
9.660000,1206.574278,203.599675
9.670000,1208.609801,203.504514
9.680000,1210.644369,203.408895
9.690000,1212.677978,203.312824
9.700000,1214.710625,203.216304
9.710000,1216.742304,203.119338
9.720000,1218.773010,203.021928
9.730000,1220.802741,202.924070
9.740000,1222.831490,202.825763
9.750000,1224.859254,202.727003
9.760000,1226.886028,202.627799
9.770000,1228.911808,202.528161
9.780000,1230.936590,202.428101
9.790000,1232.960369,202.327637
9.800000,1234.983142,202.226804
9.810000,1237.004906,202.125642
9.820000,1239.025657,202.024189
9.830000,1241.045392,201.922478
9.840000,1243.064108,201.820531
9.850000,1245.081804,201.718372
9.860000,1247.098477,201.616019
9.870000,1249.114125,201.513488
9.880000,1251.128747,201.410784
9.890000,1253.142340,201.307915
9.900000,1255.154903,201.204886
9.910000,1257.166435,201.101684
9.920000,1259.176933,200.998292
9.930000,1261.186396,200.894695
9.940000,1263.194822,200.790873
9.950000,1265.202209,200.686806
9.960000,1267.208554,200.582471
9.970000,1269.213854,200.477846
9.980000,1271.218106,200.372918
9.990000,1273.221309,200.267677
10.000000,1275.223457,200.162118
10.010000,1277.224549,200.056233
10.020000,1279.224581,199.950016
10.030000,1281.223549,199.843460
10.040000,1283.221450,199.736561
10.050000,1285.218281,199.629319
10.060000,1287.214038,199.521759
10.070000,1289.208718,199.413906
10.080000,1291.202319,199.305788
10.090000,1293.194837,199.197430
10.100000,1295.186270,199.088856
10.110000,1297.176617,198.980086
10.120000,1299.165874,198.871145
10.130000,1301.154041,198.762044
10.140000,1303.141116,198.652793
10.150000,1305.127097,198.543400
10.160000,1307.111983,198.433872
10.170000,1309.095773,198.324204
10.180000,1311.078465,198.214391
10.190000,1313.060058,198.104425
10.200000,1315.040550,197.994311
10.210000,1317.019942,197.884065
10.220000,1318.998230,197.773710
10.230000,1320.975415,197.663266
10.240000,1322.951495,197.552750
10.250000,1324.926470,197.442178
10.260000,1326.900340,197.331565
10.270000,1328.873103,197.220924
10.280000,1330.844759,197.110265
10.290000,1332.815309,196.999595
10.300000,1334.784752,196.888921
10.310000,1336.753088,196.778248
10.320000,1338.720317,196.667570
10.330000,1340.686438,196.556880
10.340000,1342.651453,196.446171
10.350000,1344.615360,196.335436
10.360000,1346.578160,196.224659
10.370000,1348.539850,196.113823
10.380000,1350.500432,196.002911
10.390000,1352.459905,195.891905
10.400000,1354.418267,195.780793
10.410000,1356.375517,195.669566
10.420000,1358.331655,195.558215
10.430000,1360.286678,195.446730
10.440000,1362.240587,195.335105
10.450000,1364.193378,195.223337
10.460000,1366.145051,195.111424
10.470000,1368.095605,194.999364
10.480000,1370.045038,194.887153
10.490000,1371.993348,194.774790
10.500000,1373.940533,194.662274
10.510000,1375.886593,194.549603
10.520000,1377.831526,194.436775
10.530000,1379.775329,194.323789
10.540000,1381.718002,194.210645
10.550000,1383.659543,194.097341
10.560000,1385.599949,193.983876
10.570000,1387.539220,193.870253
10.580000,1389.477354,193.756472
10.590000,1391.414350,193.642534
10.600000,1393.350205,193.528443
10.610000,1395.284919,193.414197
10.620000,1397.218489,193.299799
10.630000,1399.150915,193.185249
10.640000,1401.082194,193.070548
10.650000,1403.012325,192.955697
10.660000,1404.941307,192.840697
10.670000,1406.869139,192.725547
10.680000,1408.795818,192.610250
10.690000,1410.721343,192.494804
10.700000,1412.645713,192.379208
10.710000,1414.568926,192.263459
10.720000,1416.490981,192.147554
10.730000,1418.411877,192.031492
10.740000,1420.331610,191.915274
10.750000,1422.250181,191.798905
10.760000,1424.167588,191.682388
10.770000,1426.083829,191.565726
10.780000,1427.998902,191.448927
10.790000,1429.912808,191.331998
10.800000,1431.825543,191.214947
10.810000,1433.737107,191.097783
10.820000,1435.647499,190.980511
10.830000,1437.556718,190.863138
10.840000,1439.464763,190.745667
10.850000,1441.371632,190.628104
10.860000,1443.277325,190.510454
10.870000,1445.181841,190.392715
10.880000,1447.085179,190.274890
10.890000,1448.987338,190.156978
10.900000,1450.888318,190.038976
10.910000,1452.788116,189.920868
10.920000,1454.686733,189.802635
10.930000,1456.584166,189.684259
10.940000,1458.480414,189.565723
10.950000,1460.375477,189.447015
10.960000,1462.269351,189.328126
10.970000,1464.162036,189.209045
10.980000,1466.053529,189.089764
10.990000,1467.943829,188.970271
11.000000,1469.832933,188.850559
11.010000,1471.720839,188.730615
11.020000,1473.607544,188.610432
11.030000,1475.493047,188.490018
11.040000,1477.377346,188.369400
11.050000,1479.260438,188.248608
11.060000,1481.142322,188.127669
11.070000,1483.022996,188.006611
11.080000,1484.902459,187.885457
11.090000,1486.780710,187.764233
11.100000,1488.657749,187.642960
11.110000,1490.533574,187.521661
11.120000,1492.408185,187.400344
11.130000,1494.281583,187.279016
11.140000,1496.153767,187.157683
11.150000,1498.024737,187.036352
11.160000,1499.894493,186.915023
11.170000,1501.763035,186.793697
11.180000,1503.630364,186.672371
11.190000,1505.496480,186.551046
11.200000,1507.361382,186.429720
11.210000,1509.225071,186.308394
11.220000,1511.087546,186.187067
11.230000,1512.948809,186.065740
11.240000,1514.808859,185.944413
11.250000,1516.667696,185.823088
11.260000,1518.525319,185.701765
11.270000,1520.381730,185.580447
11.280000,1522.236928,185.459134
11.290000,1524.090913,185.337826
11.300000,1525.943685,185.216524
11.310000,1527.795243,185.095227
11.320000,1529.645589,184.973934
11.330000,1531.494722,184.852636
11.340000,1533.342642,184.731323
11.350000,1535.189348,184.609985
11.360000,1537.034841,184.488612
11.370000,1538.879119,184.367195
11.380000,1540.722183,184.245727
11.390000,1542.564032,184.124201
11.400000,1544.404666,184.002610
11.410000,1546.244084,183.880948
11.420000,1548.082284,183.759216
11.430000,1549.919267,183.637410
11.440000,1551.755032,183.515531
11.450000,1553.589578,183.393576
11.460000,1555.422904,183.271546
11.470000,1557.255010,183.149441
11.480000,1559.085894,183.027261
11.490000,1560.915556,182.905007
11.500000,1562.743995,182.782677
11.510000,1564.571210,182.660273
11.520000,1566.397201,182.537794
11.530000,1568.221966,182.415240
11.540000,1570.045506,182.292613
11.550000,1571.867819,182.169916
11.560000,1573.688905,182.047152
11.570000,1575.508762,181.924323
11.580000,1577.327391,181.801426
11.590000,1579.144790,181.678451
11.600000,1580.960959,181.555392
11.610000,1582.775897,181.432240
11.620000,1584.589603,181.308983
11.630000,1586.402075,181.185610
11.640000,1588.213313,181.062108
11.650000,1590.023315,180.938461
11.660000,1591.832080,180.814660
11.670000,1593.639606,180.690696
11.680000,1595.445891,180.566560
11.690000,1597.250935,180.442244
11.700000,1599.054735,180.317741
11.710000,1600.857289,180.193045
11.720000,1602.658595,180.068152
11.730000,1604.458652,179.943059
11.740000,1606.257457,179.817777
11.750000,1608.055008,179.692330
11.760000,1609.851305,179.566739
11.770000,1611.646345,179.441027
11.780000,1613.440128,179.315215
11.790000,1615.232653,179.189322
11.800000,1617.023918,179.063368
11.810000,1618.813923,178.937363
11.820000,1620.602667,178.811315
11.830000,1622.390150,178.685231
11.840000,1624.176372,178.559116
11.850000,1625.961332,178.432971
11.860000,1627.745030,178.306801
11.870000,1629.527466,178.180601
11.880000,1631.308640,178.054362
11.890000,1633.088551,177.928068
11.900000,1634.867199,177.801708
11.910000,1636.644583,177.675265
11.920000,1638.420702,177.548726
11.930000,1640.195556,177.422076
11.940000,1641.969142,177.295304
11.950000,1643.741461,177.168406
11.960000,1645.512510,177.041379
11.970000,1647.282288,176.914219
11.980000,1649.050795,176.786925
11.990000,1650.818028,176.659496
12.000000,1652.583986,176.531932
12.010000,1654.348668,176.404232
12.020000,1656.112073,176.276400
12.030000,1657.874199,176.148446
12.040000,1659.635045,176.020385
12.050000,1661.394611,175.892229
12.060000,1663.152894,175.763990
12.070000,1664.909894,175.635678
12.080000,1666.665611,175.507300
12.090000,1668.420044,175.378861
12.100000,1670.173191,175.250368
12.110000,1671.925053,175.121827
12.120000,1673.675629,174.993243
12.130000,1675.424919,174.864619
12.140000,1677.172922,174.735957
12.150000,1678.919638,174.607263
12.160000,1680.665067,174.478539
12.170000,1682.409208,174.349794
12.180000,1684.152062,174.221038
12.190000,1685.893628,174.092281
12.200000,1687.633907,173.963532
12.210000,1689.372898,173.834801
12.220000,1691.110603,173.706096
12.230000,1692.847020,173.577423
12.240000,1694.582152,173.448790
12.250000,1696.315997,173.320205
12.260000,1698.048556,173.191672
12.270000,1699.779830,173.063190
12.280000,1701.509819,172.934759
12.290000,1703.238525,172.806379
12.300000,1704.965946,172.678048
12.310000,1706.692084,172.549762
12.320000,1708.416940,172.421512
12.330000,1710.140513,172.293290
12.340000,1711.862803,172.165087
12.350000,1713.583812,172.036895
12.360000,1715.303538,171.908708
12.370000,1717.021983,171.780521
12.380000,1718.739146,171.652330
12.390000,1720.455028,171.524131
12.400000,1722.169627,171.395918
12.410000,1723.882945,171.267689
12.420000,1725.594980,171.139438
12.430000,1727.305733,171.011161
12.440000,1729.015203,170.882856
12.450000,1730.723390,170.754516
12.460000,1732.430293,170.626135
12.470000,1734.135913,170.497705
12.480000,1735.840247,170.369219
12.490000,1737.543297,170.240670
12.500000,1739.245061,170.112052
12.510000,1740.945538,169.983358
12.520000,1742.644727,169.854585
12.530000,1744.342629,169.725727
12.540000,1746.039242,169.596779
12.550000,1747.734565,169.467741
12.560000,1749.428597,169.338615
12.570000,1751.121338,169.209404
12.580000,1752.812786,169.080111
12.590000,1754.502941,168.950739
12.600000,1756.191802,168.821292
12.610000,1757.879368,168.691779
12.620000,1759.565639,168.562206
12.630000,1761.250614,168.432578
12.640000,1762.934293,168.302905
12.650000,1764.616675,168.173193
12.660000,1766.297760,168.043454
12.670000,1767.977546,167.913697
12.680000,1769.656035,167.783931
12.690000,1771.333225,167.654151
12.700000,1773.009118,167.524337
12.710000,1774.683712,167.394492
12.720000,1776.357008,167.264617
12.730000,1778.029004,167.134710
12.740000,1779.699702,167.004776
12.750000,1781.369100,166.874828
12.760000,1783.037198,166.744872
12.770000,1784.703997,166.614913
12.780000,1786.369497,166.484951
12.790000,1788.033696,166.354987
12.800000,1789.696597,166.225023
12.810000,1791.358197,166.095060
12.820000,1793.018498,165.965099
12.830000,1794.677499,165.835140
12.840000,1796.335201,165.705182
12.850000,1797.991603,165.575225
12.860000,1799.646705,165.445271
12.870000,1801.300508,165.315323
12.880000,1802.953012,165.185383
12.890000,1804.604216,165.055453
12.900000,1806.254121,164.925530
12.910000,1807.902727,164.795616
12.920000,1809.550033,164.665709
12.930000,1811.196041,164.535807
12.940000,1812.840749,164.405911
12.950000,1814.484159,164.276019
12.960000,1816.126270,164.146132
12.970000,1817.767081,164.016247
12.980000,1819.406594,163.886363
12.990000,1821.044809,163.756476
13.000000,1822.681724,163.626589
13.010000,1824.317340,163.496707
13.020000,1825.951658,163.366838
13.030000,1827.584677,163.236989
13.040000,1829.216398,163.107166
13.050000,1830.846821,162.977376
13.060000,1832.475946,162.847627
13.070000,1834.103774,162.717920
13.080000,1835.730305,162.588259
13.090000,1837.355540,162.458646
13.100000,1838.979478,162.329083
13.110000,1840.602122,162.199572
13.120000,1842.223470,162.070114
13.130000,1843.843524,161.940708
13.140000,1845.462285,161.811351
13.150000,1847.079751,161.682034
13.160000,1848.695925,161.552753
13.170000,1850.310806,161.423499
13.180000,1851.924395,161.294266
13.190000,1853.536691,161.165046
13.200000,1855.147695,161.035834
13.210000,1856.757407,160.906626
13.220000,1858.365827,160.777421
13.230000,1859.972955,160.648215
13.240000,1861.578791,160.519009
13.250000,1863.183335,160.389802
13.260000,1864.786587,160.260595
13.270000,1866.388547,160.131389
13.280000,1867.989215,160.002186
13.290000,1869.588591,159.872989
13.300000,1871.186675,159.743801
13.310000,1872.783467,159.614624
13.320000,1874.378968,159.485460
13.330000,1875.973177,159.356311
13.340000,1877.566095,159.227179
13.350000,1879.157721,159.098066
13.360000,1880.748056,158.968972
13.370000,1882.337101,158.839898
13.380000,1883.924854,158.710843
13.390000,1885.511317,158.581807
13.400000,1887.096490,158.452788
13.410000,1888.680373,158.323786
13.420000,1890.262966,158.194801
13.430000,1891.844269,158.065836
13.440000,1893.424282,157.936893
13.450000,1895.003007,157.807977
13.460000,1896.580442,157.679090
13.470000,1898.156589,157.550240
13.480000,1899.731447,157.421430
13.490000,1901.305018,157.292664
13.500000,1902.877301,157.163946
13.510000,1904.448297,157.035278
13.520000,1906.018007,156.906662
13.530000,1907.586431,156.778100
13.540000,1909.153569,156.649592
13.550000,1910.719423,156.521138
13.560000,1912.283992,156.392737
13.570000,1913.847277,156.264390
13.580000,1915.409280,156.136096
13.590000,1916.969999,156.007853
13.600000,1918.529436,155.879662
13.610000,1920.087592,155.751523
13.620000,1921.644467,155.623434
13.630000,1923.200061,155.495396
13.640000,1924.754375,155.367408
13.650000,1926.307409,155.239471
13.660000,1927.859164,155.111585
13.670000,1929.409641,154.983749
13.680000,1930.958839,154.855965
13.690000,1932.506760,154.728232
13.700000,1934.053404,154.600551
13.710000,1935.598772,154.472922
13.720000,1937.142863,154.345345
13.730000,1938.685679,154.217820
13.740000,1940.227220,154.090347
13.750000,1941.767486,153.962928
13.760000,1943.306478,153.835561
13.770000,1944.844197,153.708246
13.780000,1946.380644,153.580984
13.790000,1947.915817,153.453775
13.800000,1949.449719,153.326619
13.810000,1950.982350,153.199515
13.820000,1952.513710,153.072463
13.830000,1954.043799,152.945463
13.840000,1955.572619,152.818516
13.850000,1957.100170,152.691621
13.860000,1958.626452,152.564777
13.870000,1960.151465,152.437984
13.880000,1961.675211,152.311243
13.890000,1963.197690,152.184553
13.900000,1964.718903,152.057913
13.910000,1966.238849,151.931325
13.920000,1967.757529,151.804787
13.930000,1969.274945,151.678300
13.940000,1970.791095,151.551862
13.950000,1972.305982,151.425473
13.960000,1973.819605,151.299133
13.970000,1975.331965,151.172841
13.980000,1976.843062,151.046597
13.990000,1978.352897,150.920401
14.000000,1979.861470,150.794251
14.010000,1981.368782,150.668149
14.020000,1982.874833,150.542093
14.030000,1984.379624,150.416083
14.040000,1985.883155,150.290119
14.050000,1987.385426,150.164202
14.060000,1988.886439,150.038329
14.070000,1990.386193,149.912503
14.080000,1991.884689,149.786722
14.090000,1993.381928,149.660986
14.100000,1994.877909,149.535296
14.110000,1996.372634,149.409652
14.120000,1997.866103,149.284053
14.130000,1999.358315,149.158499
14.140000,2000.849273,149.032992
14.150000,2002.338975,148.907530
14.160000,2003.827424,148.782115
14.170000,2005.314618,148.656745
14.180000,2006.800559,148.531422
14.190000,2008.285247,148.406146
14.200000,2009.768682,148.280916
14.210000,2011.250865,148.155734
14.220000,2012.731797,148.030598
14.230000,2014.211477,147.905511
14.240000,2015.689907,147.780472
14.250000,2017.167087,147.655481
14.260000,2018.643017,147.530539
14.270000,2020.117698,147.405646
14.280000,2021.591130,147.280802
14.290000,2023.063314,147.156007
14.300000,2024.534250,147.031261
14.310000,2026.003939,146.906564
14.320000,2027.472382,146.781916
14.330000,2028.939578,146.657317
14.340000,2030.405528,146.532766
14.350000,2031.870233,146.408264
14.360000,2033.333694,146.283810
14.370000,2034.795910,146.159404
14.380000,2036.256882,146.035045
14.390000,2037.716610,145.910734
14.400000,2039.175096,145.786470
14.410000,2040.632340,145.662252
14.420000,2042.088342,145.538081
14.430000,2043.543102,145.413956
14.440000,2044.996621,145.289878
14.450000,2046.448899,145.165845
14.460000,2047.899938,145.041858
14.470000,2049.349737,144.917917
14.480000,2050.798296,144.794022
14.490000,2052.245617,144.670172
14.500000,2053.691700,144.546367
14.510000,2055.136545,144.422608
14.520000,2056.580152,144.298894
14.530000,2058.022523,144.175225
14.540000,2059.463657,144.051601
14.550000,2060.903555,143.928023
14.560000,2062.342218,143.804490
14.570000,2063.779645,143.681001
14.580000,2065.215838,143.557558
14.590000,2066.650797,143.434160
14.600000,2068.084521,143.310807
14.610000,2069.517013,143.187500
14.620000,2070.948272,143.064238
14.630000,2072.378298,142.941021
14.640000,2073.807092,142.817849
14.650000,2075.234655,142.694723
14.660000,2076.660987,142.571642
14.670000,2078.086088,142.448607
14.680000,2079.509959,142.325617
14.690000,2080.932600,142.202673
14.700000,2082.354013,142.079774
14.710000,2083.774196,141.956921
14.720000,2085.193151,141.834113
14.730000,2086.610878,141.711351
14.740000,2088.027378,141.588635
14.750000,2089.442651,141.465964
14.760000,2090.856698,141.343338
14.770000,2092.269518,141.220757
14.780000,2093.681113,141.098222
14.790000,2095.091483,140.975732
14.800000,2096.500628,140.853287
14.810000,2097.908549,140.730887
14.820000,2099.315246,140.608532
14.830000,2100.720719,140.486221
14.840000,2102.124970,140.363955
14.850000,2103.527999,140.241733
14.860000,2104.929805,140.119556
14.870000,2106.330390,139.997423
14.880000,2107.729754,139.875334
14.890000,2109.127897,139.753289
14.900000,2110.524820,139.631287
14.910000,2111.920523,139.509329
14.920000,2113.315006,139.387414
14.930000,2114.708271,139.265543
14.940000,2116.100317,139.143715
14.950000,2117.491146,139.021930
14.960000,2118.880756,138.900188
14.970000,2120.269149,138.778489
14.980000,2121.656326,138.656832
14.990000,2123.042286,138.535218
15.000000,2124.427031,138.413646
15.010000,2125.810559,138.292117
15.020000,2127.192873,138.170631
15.030000,2128.573972,138.049187
15.040000,2129.953857,137.927786
15.050000,2131.332528,137.806427
15.060000,2132.709986,137.685110
15.070000,2134.086230,137.563835
15.080000,2135.461262,137.442601
15.090000,2136.835082,137.321409
15.100000,2138.207691,137.200257
15.110000,2139.579088,137.079147
15.120000,2140.949274,136.958078
15.130000,2142.318250,136.837050
15.140000,2143.686015,136.716062
15.150000,2145.052571,136.595114
15.160000,2146.417917,136.474207
15.170000,2147.782055,136.353341
15.180000,2149.144984,136.232515
15.190000,2150.506706,136.111729
15.200000,2151.867219,135.990983
15.210000,2153.226525,135.870277
15.220000,2154.584625,135.749612
15.230000,2155.941518,135.628987
15.240000,2157.297205,135.508402
15.250000,2158.651686,135.387858
15.260000,2160.004962,135.267353
15.270000,2161.357033,135.146889
15.280000,2162.707900,135.026464
15.290000,2164.057563,134.906080
15.300000,2165.406022,134.785736
15.310000,2166.753277,134.665431
15.320000,2168.099330,134.545167
15.330000,2169.444181,134.424943
15.340000,2170.787829,134.304758
15.350000,2172.130276,134.184613
15.360000,2173.471522,134.064509
15.370000,2174.811567,133.944444
15.380000,2176.150411,133.824419
15.390000,2177.488055,133.704435
15.400000,2178.824500,133.584491
15.410000,2180.159745,133.464587
15.420000,2181.493792,133.344723
15.430000,2182.826640,133.224899
15.440000,2184.158290,133.105116
15.450000,2185.488742,132.985372
15.460000,2186.817997,132.865669
15.470000,2188.146056,132.746006
15.480000,2189.472918,132.626384
15.490000,2190.798583,132.506801
15.500000,2192.123054,132.387259
15.510000,2193.446329,132.267756
15.520000,2194.768409,132.148294
15.530000,2196.089295,132.028871
15.540000,2197.408986,131.909488
15.550000,2198.727485,131.790145
15.560000,2200.044790,131.670841
15.570000,2201.360902,131.551578
15.580000,2202.675821,131.432353
15.590000,2203.989549,131.313168
15.600000,2205.302085,131.194022
15.610000,2206.613429,131.074915
15.620000,2207.923583,130.955848
15.630000,2209.232546,130.836819
15.640000,2210.540320,130.717830
15.650000,2211.846903,130.598879
15.660000,2213.152297,130.479968
15.670000,2214.456503,130.361096
15.680000,2215.759519,130.242263
15.690000,2217.061348,130.123470
15.700000,2218.361989,130.004715
15.710000,2219.661442,129.886000
15.720000,2220.959709,129.767323
15.730000,2222.256789,129.648686
15.740000,2223.552683,129.530087
15.750000,2224.847391,129.411527
15.760000,2226.140913,129.293006
15.770000,2227.433251,129.174524
15.780000,2228.724404,129.056081
15.790000,2230.014373,128.937676
15.800000,2231.303158,128.819309
15.810000,2232.590759,128.700982
15.820000,2233.877177,128.582693
15.830000,2235.162413,128.464443
15.840000,2236.446466,128.346231
15.850000,2237.729338,128.228058
15.860000,2239.011028,128.109924
15.870000,2240.291536,127.991828
15.880000,2241.570864,127.873770
15.890000,2242.849012,127.755750
15.900000,2244.125979,127.637769
15.910000,2245.401767,127.519825
15.920000,2246.676376,127.401920
15.930000,2247.949806,127.284052
15.940000,2249.222057,127.166222
15.950000,2250.493130,127.048429
15.960000,2251.763026,126.930674
15.970000,2253.031744,126.812956
15.980000,2254.299285,126.695275
15.990000,2255.565650,126.577630
16.000000,2256.830838,126.460023
16.010000,2258.094850,126.342451
16.020000,2259.357687,126.224916
16.030000,2260.619349,126.107417
16.040000,2261.879835,125.989954
16.050000,2263.139148,125.872527
16.060000,2264.397286,125.755135
16.070000,2265.654251,125.637779
16.080000,2266.910042,125.520459
16.090000,2268.164660,125.403174
16.100000,2269.418105,125.285924
16.110000,2270.670378,125.168710
16.120000,2271.921480,125.051531
16.130000,2273.171409,124.934387
16.140000,2274.420168,124.817278
16.150000,2275.667755,124.700204
16.160000,2276.914172,124.583165
16.170000,2278.159418,124.466160
16.180000,2279.403495,124.349191
16.190000,2280.646402,124.232256
16.200000,2281.888140,124.115356
16.210000,2283.128710,123.998490
16.220000,2284.368110,123.881659
16.230000,2285.606343,123.764863
16.240000,2286.843408,123.648101
16.250000,2288.079305,123.531374
16.260000,2289.314035,123.414682
16.270000,2290.547599,123.298025
16.280000,2291.779996,123.181402
16.290000,2293.011227,123.064815
16.300000,2294.241293,122.948263
16.310000,2295.470193,122.831746
16.320000,2296.697928,122.715264
16.330000,2297.924498,122.598818
16.340000,2299.149904,122.482407
16.350000,2300.374146,122.366032
16.360000,2301.597225,122.249692
16.370000,2302.819140,122.133387
16.380000,2304.039893,122.017119
16.390000,2305.259483,121.900886
16.400000,2306.477911,121.784688
16.410000,2307.695177,121.668527
16.420000,2308.911281,121.552400
16.430000,2310.126225,121.436310
16.440000,2311.340008,121.320254
16.450000,2312.552630,121.204235
16.460000,2313.764093,121.088250
16.470000,2314.974395,120.972301
16.480000,2316.183539,120.856387
16.490000,2317.391523,120.740509
16.500000,2318.598349,120.624665
16.510000,2319.804017,120.508857
16.520000,2321.008526,120.393084
16.530000,2322.211878,120.277345
16.540000,2323.414073,120.161641
16.550000,2324.615111,120.045973
16.560000,2325.814993,119.930339
16.570000,2327.013718,119.814739
16.580000,2328.211288,119.699174
16.590000,2329.407702,119.583644
16.600000,2330.602960,119.468148
16.610000,2331.797065,119.352687
16.620000,2332.990014,119.237260
16.630000,2334.181810,119.121867
16.640000,2335.372452,119.006508
16.650000,2336.561940,118.891183
16.660000,2337.750275,118.775893
16.670000,2338.937458,118.660636
16.680000,2340.123488,118.545414
16.690000,2341.308366,118.430225
16.700000,2342.492093,118.315070
16.710000,2343.674668,118.199948
16.720000,2344.856092,118.084861
16.730000,2346.036365,117.969806
16.740000,2347.215488,117.854786
16.750000,2348.393461,117.739798
16.760000,2349.570284,117.624845
16.770000,2350.745958,117.509924
16.780000,2351.920483,117.395037
16.790000,2353.093859,117.280182
16.800000,2354.266087,117.165361
16.810000,2355.437166,117.050574
16.820000,2356.607098,116.935819
16.830000,2357.775883,116.821097
16.840000,2358.943520,116.706409
16.850000,2360.110011,116.591753
16.860000,2361.275356,116.477130
16.870000,2362.439554,116.362541
16.880000,2363.602606,116.247984
16.890000,2364.764514,116.133460
16.900000,2365.925276,116.018968
16.910000,2367.084893,115.904510
16.920000,2368.243366,115.790084
16.930000,2369.400695,115.675692
16.940000,2370.556880,115.561331
16.950000,2371.711922,115.447004
16.960000,2372.865820,115.332709
16.970000,2374.018576,115.218447
16.980000,2375.170189,115.104217
16.990000,2376.320660,114.990020
17.000000,2377.469990,114.875855
17.010000,2378.618178,114.761723
17.020000,2379.765224,114.647622
17.030000,2380.911130,114.533555
17.040000,2382.055895,114.419519
17.050000,2383.199521,114.305515
17.060000,2384.342006,114.191544
17.070000,2385.483352,114.077604
17.080000,2386.623558,113.963697
17.090000,2387.762626,113.849821
17.100000,2388.900555,113.735978
17.110000,2390.037345,113.622166
17.120000,2391.172998,113.508386
17.130000,2392.307513,113.394638
17.140000,2393.440891,113.280921
17.150000,2394.573132,113.167237
17.160000,2395.704236,113.053583
17.170000,2396.834203,112.939962
17.180000,2397.963035,112.826372
17.190000,2399.090731,112.712813
17.200000,2400.217291,112.599286
17.210000,2401.342717,112.485790
17.220000,2402.467007,112.372325
17.230000,2403.590163,112.258891
17.240000,2404.712185,112.145489
17.250000,2405.833073,112.032117
17.260000,2406.952827,111.918775
17.270000,2408.071449,111.805465
17.280000,2409.188937,111.692185
17.290000,2410.305292,111.578935
17.300000,2411.420516,111.465716
17.310000,2412.534607,111.352526
17.320000,2413.647566,111.239367
17.330000,2414.759394,111.126238
17.340000,2415.870091,111.013139
17.350000,2416.979657,110.900070
17.360000,2418.088093,110.787030
17.370000,2419.195398,110.674020
17.380000,2420.301573,110.561039
17.390000,2421.406619,110.448089
17.400000,2422.510535,110.335167
17.410000,2423.613322,110.222275
17.420000,2424.714981,110.109412
17.430000,2425.815511,109.996579
17.440000,2426.914912,109.883774
17.450000,2428.013186,109.770999
17.460000,2429.110332,109.658254
17.470000,2430.206351,109.545537
17.480000,2431.301243,109.432849
17.490000,2432.395008,109.320191
17.500000,2433.487647,109.207561
17.510000,2434.579160,109.094961
17.520000,2435.669547,108.982390
17.530000,2436.758808,108.869848
17.540000,2437.846944,108.757335
17.550000,2438.933955,108.644852
17.560000,2440.019841,108.532398
17.570000,2441.104603,108.419973
17.580000,2442.188240,108.307578
17.590000,2443.270754,108.195212
17.600000,2444.352145,108.082875
17.610000,2445.432412,107.970568
17.620000,2446.511556,107.858291
17.630000,2447.589578,107.746043
17.640000,2448.666477,107.633825
17.650000,2449.742254,107.521636
17.660000,2450.816910,107.409477
17.670000,2451.890444,107.297347
17.680000,2452.962857,107.185247
17.690000,2454.034149,107.073176
17.700000,2455.104321,106.961135
17.710000,2456.173372,106.849123
17.720000,2457.241303,106.737141
17.730000,2458.308115,106.625188
17.740000,2459.373807,106.513265
17.750000,2460.438380,106.401371
17.760000,2461.501834,106.289507
17.770000,2462.564170,106.177671
17.780000,2463.625388,106.065865
17.790000,2464.685488,105.954088
17.800000,2465.744470,105.842340
17.810000,2466.802334,105.730621
17.820000,2467.859082,105.618930
17.830000,2468.914713,105.507269
17.840000,2469.969228,105.395636
17.850000,2471.022626,105.284032
17.860000,2472.074908,105.172457
17.870000,2473.126075,105.060911
17.880000,2474.176126,104.949393
17.890000,2475.225063,104.837903
17.900000,2476.272885,104.726442
17.910000,2477.319592,104.615009
17.920000,2478.365185,104.503604
17.930000,2479.409664,104.392228
17.940000,2480.453030,104.280881
17.950000,2481.495282,104.169561
17.960000,2482.536421,104.058270
17.970000,2483.576447,103.947007
17.980000,2484.615361,103.835773
17.990000,2485.653163,103.724566
18.000000,2486.689853,103.613388
18.010000,2487.725431,103.502238
18.020000,2488.759897,103.391116
18.030000,2489.793253,103.280022
18.040000,2490.825498,103.168956
18.050000,2491.856632,103.057918
18.060000,2492.886657,102.946907
18.070000,2493.915571,102.835925
18.080000,2494.943375,102.724971
18.090000,2495.970070,102.614044
18.100000,2496.995656,102.503145
18.110000,2498.020133,102.392274
18.120000,2499.043502,102.281430
18.130000,2500.065762,102.170613
18.140000,2501.086914,102.059824
18.150000,2502.106959,101.949063
18.160000,2503.125895,101.838329
18.170000,2504.143725,101.727622
18.180000,2505.160448,101.616942
18.190000,2506.176064,101.506289
18.200000,2507.190574,101.395664
18.210000,2508.203977,101.285066
18.220000,2509.216275,101.174494
18.230000,2510.227467,101.063950
18.240000,2511.237554,100.953433
18.250000,2512.246536,100.842942
18.260000,2513.254413,100.732479
18.270000,2514.261186,100.622042
18.280000,2515.266854,100.511632
18.290000,2516.271419,100.401250
18.300000,2517.274879,100.290893
18.310000,2518.277237,100.180564
18.320000,2519.278491,100.070261
18.330000,2520.278642,99.959986
18.340000,2521.277691,99.849736
18.350000,2522.275637,99.739514
18.360000,2523.272481,99.629318
18.370000,2524.268223,99.519149
18.380000,2525.262864,99.409007
18.390000,2526.256404,99.298891
18.400000,2527.248842,99.188802
18.410000,2528.240180,99.078739
18.420000,2529.230417,98.968703
18.430000,2530.219554,98.858693
18.440000,2531.207591,98.748710
18.450000,2532.194528,98.638753
18.460000,2533.180366,98.528822
18.470000,2534.165105,98.418917
18.480000,2535.148744,98.309039
18.490000,2536.131286,98.199187
18.500000,2537.112728,98.089361
18.510000,2538.093073,97.979561
18.520000,2539.072319,97.869787
18.530000,2540.050469,97.760040
18.540000,2541.027520,97.650317
18.550000,2542.003475,97.540621
18.560000,2542.978333,97.430951
18.570000,2543.952094,97.321306
18.580000,2544.924759,97.211687
18.590000,2545.896328,97.102094
18.600000,2546.866801,96.992526
18.610000,2547.836178,96.882984
18.620000,2548.804461,96.773467
18.630000,2549.771648,96.663976
18.640000,2550.737740,96.554510
18.650000,2551.702738,96.445070
18.660000,2552.666642,96.335654
18.670000,2553.629451,96.226265
18.680000,2554.591167,96.116900
18.690000,2555.551789,96.007561
18.700000,2556.511318,95.898247
18.710000,2557.469754,95.788958
18.720000,2558.427098,95.679694
18.730000,2559.383348,95.570455
18.740000,2560.338507,95.461242
18.750000,2561.292573,95.352053
18.760000,2562.245548,95.242890
18.770000,2563.197431,95.133752
18.780000,2564.148223,95.024639
18.790000,2565.097924,94.915550
18.800000,2566.046534,94.806487
18.810000,2566.994054,94.697448
18.820000,2567.940483,94.588434
18.830000,2568.885823,94.479445
18.840000,2569.830072,94.370480
18.850000,2570.773232,94.261539
18.860000,2571.715303,94.152623
18.870000,2572.656285,94.043731
18.880000,2573.596178,93.934863
18.890000,2574.534982,93.826020
18.900000,2575.472698,93.717200
18.910000,2576.409326,93.608404
18.920000,2577.344866,93.499632
18.930000,2578.279319,93.390884
18.940000,2579.212684,93.282160
18.950000,2580.144962,93.173459
18.960000,2581.076153,93.064782
18.970000,2582.006258,92.956129
18.980000,2582.935276,92.847499
18.990000,2583.863208,92.738893
19.000000,2584.790054,92.630310
19.010000,2585.715814,92.521751
19.020000,2586.640489,92.413215
19.030000,2587.564079,92.304702
19.040000,2588.486583,92.196213
19.050000,2589.408003,92.087747
19.060000,2590.328338,91.979305
19.070000,2591.247589,91.870885
19.080000,2592.165756,91.762489
19.090000,2593.082839,91.654116
19.100000,2593.998838,91.545766
19.110000,2594.913755,91.437440
19.120000,2595.827587,91.329136
19.130000,2596.740337,91.220855
19.140000,2597.652005,91.112598
19.150000,2598.562589,91.004364
19.160000,2599.472092,90.896152
19.170000,2600.380513,90.787965
19.180000,2601.287851,90.679800
19.190000,2602.194109,90.571658
19.200000,2603.099285,90.463540
19.210000,2604.003380,90.355445
19.220000,2604.906394,90.247374
19.230000,2605.808327,90.139325
19.240000,2606.709180,90.031300
19.250000,2607.608953,89.923298
19.260000,2608.507646,89.815319
19.270000,2609.405260,89.707363
19.280000,2610.301794,89.599431
19.290000,2611.197248,89.491522
19.300000,2612.091624,89.383636
19.310000,2612.984921,89.275774
19.320000,2613.877140,89.167934
19.330000,2614.768280,89.060118
19.340000,2615.658342,88.952324
19.350000,2616.547326,88.844554
19.360000,2617.435233,88.736807
19.370000,2618.322063,88.629083
19.380000,2619.207815,88.521382
19.390000,2620.092490,88.413703
19.400000,2620.976089,88.306048
19.410000,2621.858611,88.198416
19.420000,2622.740057,88.090806
19.430000,2623.620427,87.983219
19.440000,2624.499722,87.875655
19.450000,2625.377940,87.768114
19.460000,2626.255084,87.660595
19.470000,2627.131152,87.553098
19.480000,2628.006146,87.445625
19.490000,2628.880065,87.338173
19.500000,2629.752909,87.230744
19.510000,2630.624680,87.123338
19.520000,2631.495376,87.015954
19.530000,2632.364999,86.908592
19.540000,2633.233548,86.801253
19.550000,2634.101024,86.693935
19.560000,2634.967426,86.586640
19.570000,2635.832756,86.479367
19.580000,2636.697014,86.372116
19.590000,2637.560199,86.264888
19.600000,2638.422311,86.157681
19.610000,2639.283352,86.050496
19.620000,2640.143321,85.943334
19.630000,2641.002219,85.836193
19.640000,2641.860045,85.729074
19.650000,2642.716800,85.621977
19.660000,2643.572485,85.514902
19.670000,2644.427098,85.407849
19.680000,2645.280642,85.300818
19.690000,2646.133115,85.193808
19.700000,2646.984518,85.086821
19.710000,2647.834851,84.979855
19.720000,2648.684115,84.872910
19.730000,2649.532310,84.765988
19.740000,2650.379435,84.659087
19.750000,2651.225491,84.552207
19.760000,2652.070479,84.445350
19.770000,2652.914399,84.338513
19.780000,2653.757250,84.231699
19.790000,2654.599033,84.124905
19.800000,2655.439748,84.018134
19.810000,2656.279396,83.911383
19.820000,2657.117976,83.804654
19.830000,2657.955489,83.697947
19.840000,2658.791935,83.591260
19.850000,2659.627314,83.484596
19.860000,2660.461627,83.377952
19.870000,2661.294873,83.271330
19.880000,2662.127053,83.164728
19.890000,2662.958168,83.058148
19.900000,2663.788217,82.951590
19.910000,2664.617200,82.845052
19.920000,2665.445118,82.738535
19.930000,2666.271971,82.632040
19.940000,2667.097759,82.525565
19.950000,2667.922482,82.419112
19.960000,2668.746141,82.312680
19.970000,2669.568736,82.206268
19.980000,2670.390266,82.099877
19.990000,2671.210733,81.993508
20.000000,2672.030137,81.887159
20.010000,2672.848476,81.780831
20.020000,2673.665753,81.674524
20.030000,2674.481967,81.568237
20.040000,2675.297118,81.461971
20.050000,2676.111206,81.355726
20.060000,2676.924233,81.249502
20.070000,2677.736197,81.143298
20.080000,2678.547099,81.037115
20.090000,2679.356939,80.930952
20.100000,2680.165718,80.824809
20.110000,2680.973435,80.718687
20.120000,2681.780091,80.612586
20.130000,2682.585687,80.506505
20.140000,2683.390221,80.400444
20.150000,2684.193696,80.294403
20.160000,2684.996110,80.188383
20.170000,2685.797463,80.082383
20.180000,2686.597757,79.976403
20.190000,2687.396991,79.870443
20.200000,2688.195166,79.764503
20.210000,2688.992282,79.658583
20.220000,2689.788338,79.552683
20.230000,2690.583335,79.446803
20.240000,2691.377274,79.340943
20.250000,2692.170154,79.235102
20.260000,2692.961976,79.129281
20.270000,2693.752740,79.023480
20.280000,2694.542446,78.917699
20.290000,2695.331094,78.811937
20.300000,2696.118684,78.706194
20.310000,2696.905218,78.600471
20.320000,2697.690694,78.494767
20.330000,2698.475113,78.389083
20.340000,2699.258475,78.283417
20.350000,2700.040781,78.177772
20.360000,2700.822031,78.072145
20.370000,2701.602224,77.966537
20.380000,2702.381362,77.860949
20.390000,2703.159443,77.755379
20.400000,2703.936469,77.649829
20.410000,2704.712440,77.544298
20.420000,2705.487355,77.438785
20.430000,2706.261216,77.333292
20.440000,2707.034021,77.227817
20.450000,2707.805772,77.122361
20.460000,2708.576469,77.016924
20.470000,2709.346111,76.911506
20.480000,2710.114699,76.806106
20.490000,2710.882233,76.700725
20.500000,2711.648714,76.595363
20.510000,2712.414141,76.490020
20.520000,2713.178514,76.384696
20.530000,2713.941835,76.279390
20.540000,2714.704102,76.174103
20.550000,2715.465317,76.068835
20.560000,2716.225479,75.963586
20.570000,2716.984589,75.858355
20.580000,2717.742646,75.753143
20.590000,2718.499652,75.647949
20.600000,2719.255606,75.542775
20.610000,2720.010508,75.437619
20.620000,2720.764358,75.332481
20.630000,2721.517158,75.227363
20.640000,2722.268906,75.122263
20.650000,2723.019603,75.017182
20.660000,2723.769250,74.912119
20.670000,2724.517846,74.807076
20.680000,2725.265391,74.702051
20.690000,2726.011887,74.597045
20.700000,2726.757332,74.492057
20.710000,2727.501728,74.387088
20.720000,2728.245074,74.282138
20.730000,2728.987371,74.177207
20.740000,2729.728618,74.072294
20.750000,2730.468817,73.967399
20.760000,2731.207966,73.862523
20.770000,2731.946067,73.757666
20.780000,2732.683120,73.652827
20.790000,2733.419124,73.548007
20.800000,2734.154080,73.443205
20.810000,2734.887988,73.338422
20.820000,2735.620848,73.233657
20.830000,2736.352661,73.128910
20.840000,2737.083426,73.024182
20.850000,2737.813144,72.919472
20.860000,2738.541815,72.814780
20.870000,2739.269440,72.710106
20.880000,2739.996017,72.605451
20.890000,2740.721549,72.500814
20.900000,2741.446034,72.396195
20.910000,2742.169472,72.291594
20.920000,2742.891865,72.187011
20.930000,2743.613213,72.082447
20.940000,2744.333514,71.977900
20.950000,2745.052770,71.873371
20.960000,2745.770982,71.768861
20.970000,2746.488148,71.664368
20.980000,2747.204269,71.559893
20.990000,2747.919345,71.455436
21.000000,2748.633378,71.350997
21.010000,2749.346365,71.246575
21.020000,2750.058309,71.142172
21.030000,2750.769209,71.037786
21.040000,2751.479065,70.933417
21.050000,2752.187877,70.829067
21.060000,2752.895646,70.724734
21.070000,2753.602372,70.620419
21.080000,2754.308055,70.516121
21.090000,2755.012694,70.411840
21.100000,2755.716291,70.307578
21.110000,2756.418846,70.203332
21.120000,2757.120358,70.099104
21.130000,2757.820828,69.994893
21.140000,2758.520256,69.890700
21.150000,2759.218642,69.786524
21.160000,2759.915987,69.682365
21.170000,2760.612289,69.578224
21.180000,2761.307551,69.474100
21.190000,2762.001772,69.369993
21.200000,2762.694951,69.265903
21.210000,2763.387090,69.161830
21.220000,2764.078188,69.057775
21.230000,2764.768245,68.953736
21.240000,2765.457262,68.849715
21.250000,2766.145240,68.745710
21.260000,2766.832177,68.641723
21.270000,2767.518074,68.537753
21.280000,2768.202932,68.433799
21.290000,2768.886750,68.329863
21.300000,2769.569529,68.225943
21.310000,2770.251269,68.122040
21.320000,2770.931970,68.018154
21.330000,2771.611632,67.914285
21.340000,2772.290256,67.810433
21.350000,2772.967841,67.706598
21.360000,2773.644388,67.602779
21.370000,2774.319897,67.498977
21.380000,2774.994367,67.395192
21.390000,2775.667800,67.291423
21.400000,2776.340196,67.187671
21.410000,2777.011554,67.083935
21.420000,2777.681875,66.980217
21.430000,2778.351158,66.876514
21.440000,2779.019405,66.772829
21.450000,2779.686615,66.669160
21.460000,2780.352788,66.565507
21.470000,2781.017925,66.461871
21.480000,2781.682026,66.358251
21.490000,2782.345090,66.254648
21.500000,2783.007119,66.151061
21.510000,2783.668111,66.047491
21.520000,2784.328069,65.943937
21.530000,2784.986990,65.840399
21.540000,2785.644877,65.736877
21.550000,2786.301728,65.633372
21.560000,2786.957544,65.529884
21.570000,2787.612326,65.426411
21.580000,2788.266072,65.322955
21.590000,2788.918785,65.219514
21.600000,2789.570463,65.116090
21.610000,2790.221107,65.012683
21.620000,2790.870716,64.909291
21.630000,2791.519292,64.805915
21.640000,2792.166835,64.702556
21.650000,2792.813344,64.599212
21.660000,2793.458819,64.495885
21.670000,2794.103261,64.392574
21.680000,2794.746671,64.289278
21.690000,2795.389047,64.185999
21.700000,2796.030391,64.082735
21.710000,2796.670702,63.979488
21.720000,2797.309980,63.876256
21.730000,2797.948227,63.773040
21.740000,2798.585441,63.669840
21.750000,2799.221624,63.566655
21.760000,2799.856774,63.463487
21.770000,2800.490894,63.360334
21.780000,2801.123981,63.257197
21.790000,2801.756038,63.154076
21.800000,2802.387063,63.050970
21.810000,2803.017057,62.947880
21.820000,2803.646020,62.844806
21.830000,2804.273953,62.741747
21.840000,2804.900855,62.638703
21.850000,2805.526727,62.535676
21.860000,2806.151569,62.432663
21.870000,2806.775381,62.329667
21.880000,2807.398162,62.226685
21.890000,2808.019914,62.123719
21.900000,2808.640637,62.020769
21.910000,2809.260330,61.917834
21.920000,2809.878994,61.814914
21.930000,2810.496628,61.712009
21.940000,2811.113234,61.609120
21.950000,2811.728811,61.506246
21.960000,2812.343359,61.403387
21.970000,2812.956878,61.300544
21.980000,2813.569370,61.197715
21.990000,2814.180833,61.094902
22.000000,2814.791268,60.992104
22.010000,2815.400675,60.889321
22.020000,2816.009054,60.786553
22.030000,2816.616406,60.683800
22.040000,2817.222730,60.581061
22.050000,2817.828027,60.478338
22.060000,2818.432297,60.375630
22.070000,2819.035540,60.272937
22.080000,2819.637756,60.170258
22.090000,2820.238945,60.067595
22.100000,2820.839108,59.964946
22.110000,2821.438244,59.862312
22.120000,2822.036354,59.759692
22.130000,2822.633438,59.657087
22.140000,2823.229496,59.554497
22.150000,2823.824528,59.451921
22.160000,2824.418534,59.349360
22.170000,2825.011515,59.246813
22.180000,2825.603471,59.144281
22.190000,2826.194401,59.041763
22.200000,2826.784306,58.939259
22.210000,2827.373186,58.836770
22.220000,2827.961041,58.734295
22.230000,2828.547872,58.631835
22.240000,2829.133678,58.529388
22.250000,2829.718460,58.426956
22.260000,2830.302217,58.324538
22.270000,2830.884951,58.222134
22.280000,2831.466660,58.119745
22.290000,2832.047346,58.017369
22.300000,2832.627007,57.915008
22.310000,2833.205646,57.812660
22.320000,2833.783261,57.710327
22.330000,2834.359853,57.608008
22.340000,2834.935421,57.505703
22.350000,2835.509967,57.403411
22.360000,2836.083489,57.301134
22.370000,2836.655989,57.198870
22.380000,2837.227467,57.096621
22.390000,2837.797922,56.994385
22.400000,2838.367355,56.892163
22.410000,2838.935765,56.789955
22.420000,2839.503154,56.687761
22.430000,2840.069521,56.585580
22.440000,2840.634866,56.483413
22.450000,2841.199189,56.381260
22.460000,2841.762491,56.279121
22.470000,2842.324772,56.176996
22.480000,2842.886031,56.074884
22.490000,2843.446270,55.972786
22.500000,2844.005487,55.870702
22.510000,2844.563684,55.768631
22.520000,2845.120860,55.666574
22.530000,2845.677015,55.564531
22.540000,2846.232151,55.462501
22.550000,2846.786266,55.360485
22.560000,2847.339360,55.258483
22.570000,2847.891435,55.156494
22.580000,2848.442490,55.054519
22.590000,2848.992526,54.952558
22.600000,2849.541542,54.850610
22.610000,2850.089538,54.748676
22.620000,2850.636515,54.646756
22.630000,2851.182473,54.544849
22.640000,2851.727412,54.442955
22.650000,2852.271333,54.341075
22.660000,2852.814234,54.239209
22.670000,2853.356117,54.137356
22.680000,2853.896981,54.035517
22.690000,2854.436827,53.933691
22.700000,2854.975655,53.831879
22.710000,2855.513465,53.730080
22.720000,2856.050257,53.628294
22.730000,2856.586031,53.526522
22.740000,2857.120787,53.424764
22.750000,2857.654526,53.323019
22.760000,2858.187248,53.221287
22.770000,2858.718952,53.119569
22.780000,2859.249639,53.017864
22.790000,2859.779309,52.916172
22.800000,2860.307962,52.814493
22.810000,2860.835599,52.712828
22.820000,2861.362219,52.611176
22.830000,2861.887822,52.509537
22.840000,2862.412409,52.407912
22.850000,2862.935980,52.306299
22.860000,2863.458535,52.204700
22.870000,2863.980074,52.103114
22.880000,2864.500597,52.001541
22.890000,2865.020105,51.899981
22.900000,2865.538597,51.798434
22.910000,2866.056074,51.696900
22.920000,2866.572535,51.595379
22.930000,2867.087981,51.493871
22.940000,2867.602412,51.392376
22.950000,2868.115829,51.290894
22.960000,2868.628230,51.189425
22.970000,2869.139617,51.087968
22.980000,2869.649989,50.986524
22.990000,2870.159347,50.885094
23.000000,2870.667691,50.783676
23.010000,2871.175021,50.682270
23.020000,2871.681336,50.580877
23.030000,2872.186638,50.479497
23.040000,2872.690926,50.378130
23.050000,2873.194201,50.276775
23.060000,2873.696462,50.175433
23.070000,2874.197710,50.074103
23.080000,2874.697944,49.972786
23.090000,2875.197165,49.871482
23.100000,2875.695374,49.770190
23.110000,2876.192569,49.668910
23.120000,2876.688752,49.567643
23.130000,2877.183922,49.466388
23.140000,2877.678080,49.365146
23.150000,2878.171225,49.263915
23.160000,2878.663358,49.162698
23.170000,2879.154479,49.061492
23.180000,2879.644588,48.960299
23.190000,2880.133685,48.859118
23.200000,2880.621770,48.757949
23.210000,2881.108844,48.656793
23.220000,2881.594906,48.555648
23.230000,2882.079957,48.454516
23.240000,2882.563997,48.353396
23.250000,2883.047025,48.252288
23.260000,2883.529043,48.151193
23.270000,2884.010049,48.050109
23.280000,2884.490045,47.949037
23.290000,2884.969030,47.847978
23.300000,2885.447005,47.746931
23.310000,2885.923969,47.645895
23.320000,2886.399923,47.544872
23.330000,2886.874867,47.443861
23.340000,2887.348800,47.342861
23.350000,2887.821724,47.241874
23.360000,2888.293638,47.140899
23.370000,2888.764542,47.039935
23.380000,2889.234437,46.938984
23.390000,2889.703322,46.838044
23.400000,2890.171198,46.737116
23.410000,2890.638064,46.636200
23.420000,2891.103922,46.535296
23.430000,2891.568770,46.434404
23.440000,2892.032610,46.333524
23.450000,2892.495441,46.232655
23.460000,2892.957263,46.131799
23.470000,2893.418077,46.030954
23.480000,2893.877882,45.930121
23.490000,2894.336680,45.829300
23.500000,2894.794469,45.728490
23.510000,2895.251249,45.627692
23.520000,2895.707022,45.526906
23.530000,2896.161788,45.426131
23.540000,2896.615545,45.325369
23.550000,2897.068295,45.224617
23.560000,2897.520037,45.123878
23.570000,2897.970773,45.023150
23.580000,2898.420500,44.922433
23.590000,2898.869221,44.821728
23.600000,2899.316935,44.721035
23.610000,2899.763642,44.620353
23.620000,2900.209342,44.519683
23.630000,2900.654036,44.419024
23.640000,2901.097722,44.318376
23.650000,2901.540403,44.217740
23.660000,2901.982077,44.117115
23.670000,2902.422745,44.016501
23.680000,2902.862407,43.915899
23.690000,2903.301063,43.815308
23.700000,2903.738713,43.714729
23.710000,2904.175358,43.614160
23.720000,2904.610996,43.513603
23.730000,2905.045630,43.413058
23.740000,2905.479258,43.312523
23.750000,2905.911880,43.211999
23.760000,2906.343497,43.111487
23.770000,2906.774110,43.010986
23.780000,2907.203717,42.910496
23.790000,2907.632320,42.810017
23.800000,2908.059917,42.709549
23.810000,2908.486511,42.609092
23.820000,2908.912099,42.508646
23.830000,2909.336684,42.408211
23.840000,2909.760264,42.307787
23.850000,2910.182839,42.207374
23.860000,2910.604411,42.106972
23.870000,2911.024979,42.006581
23.880000,2911.444543,41.906201
23.890000,2911.863103,41.805832
23.900000,2912.280659,41.705473
23.910000,2912.697212,41.605125
23.920000,2913.112762,41.504788
23.930000,2913.527308,41.404462
23.940000,2913.940851,41.304147
23.950000,2914.353391,41.203842
23.960000,2914.764928,41.103548
23.970000,2915.175462,41.003265
23.980000,2915.584993,40.902993
23.990000,2915.993522,40.802731
24.000000,2916.401048,40.702479
24.010000,2916.807572,40.602239
24.020000,2917.213093,40.502008
24.030000,2917.617612,40.401789
24.040000,2918.021129,40.301580
24.050000,2918.423644,40.201381
24.060000,2918.825156,40.101193
24.070000,2919.225667,40.001016
24.080000,2919.625177,39.900849
24.090000,2920.023684,39.800692
24.100000,2920.421191,39.700546
24.110000,2920.817695,39.600410
24.120000,2921.213199,39.500284
24.130000,2921.607701,39.400169
24.140000,2922.001202,39.300064
24.150000,2922.393702,39.199970
24.160000,2922.785202,39.099886
24.170000,2923.175700,38.999812
24.180000,2923.565198,38.899748
24.190000,2923.953695,38.799695
24.200000,2924.341192,38.699652
24.210000,2924.727688,38.599619
24.220000,2925.113184,38.499597
24.230000,2925.497680,38.399584
24.240000,2925.881176,38.299582
24.250000,2926.263672,38.199590
24.260000,2926.645168,38.099608
24.270000,2927.025664,37.999636
24.280000,2927.405161,37.899674
24.290000,2927.783658,37.799722
24.300000,2928.161155,37.699780
24.310000,2928.537653,37.599848
24.320000,2928.913152,37.499927
24.330000,2929.287652,37.400015
24.340000,2929.661152,37.300113
24.350000,2930.033654,37.200221
24.360000,2930.405157,37.100338
24.370000,2930.775661,37.000466
24.380000,2931.145166,36.900603
24.390000,2931.513673,36.800750
24.400000,2931.881181,36.700907
24.410000,2932.247691,36.601074
24.420000,2932.613203,36.501250
24.430000,2932.977716,36.401436
24.440000,2933.341231,36.301631
24.450000,2933.703749,36.201837
24.460000,2934.065268,36.102051
24.470000,2934.425790,36.002276
24.480000,2934.785314,35.902510
24.490000,2935.143840,35.802753
24.500000,2935.501369,35.703006
24.510000,2935.857900,35.603268
24.520000,2936.213434,35.503540
24.530000,2936.567971,35.403821
24.540000,2936.921511,35.304112
24.550000,2937.274053,35.204412
24.560000,2937.625599,35.104722
24.570000,2937.976148,35.005041
24.580000,2938.325700,34.905369
24.590000,2938.674255,34.805707
24.600000,2939.021814,34.706054
24.610000,2939.368376,34.606411
24.620000,2939.713942,34.506776
24.630000,2940.058512,34.407151
24.640000,2940.402085,34.307536
24.650000,2940.744663,34.207929
24.660000,2941.086244,34.108332
24.670000,2941.426829,34.008744
24.680000,2941.766419,33.909165
24.690000,2942.105013,33.809596
24.700000,2942.442611,33.710035
24.710000,2942.779214,33.610484
24.720000,2943.114821,33.510942
24.730000,2943.449433,33.411409
24.740000,2943.783049,33.311886
24.750000,2944.115670,33.212371
24.760000,2944.447296,33.112866
24.770000,2944.777928,33.013369
24.780000,2945.107564,32.913882
24.790000,2945.436205,32.814404
24.800000,2945.763852,32.714934
24.810000,2946.090504,32.615474
24.820000,2946.416162,32.516023
24.830000,2946.740825,32.416581
24.840000,2947.064493,32.317148
24.850000,2947.387168,32.217723
24.860000,2947.708848,32.118308
24.870000,2948.029534,32.018902
24.880000,2948.349226,31.919504
24.890000,2948.667924,31.820116
24.900000,2948.985628,31.720736
24.910000,2949.302339,31.621365
24.920000,2949.618056,31.522003
24.930000,2949.932779,31.422650
24.940000,2950.246509,31.323306
24.950000,2950.559245,31.223970
24.960000,2950.870988,31.124643
24.970000,2951.181738,31.025325
24.980000,2951.491494,30.926016
24.990000,2951.800258,30.826715
25.000000,2952.108029,30.727424
25.010000,2952.414807,30.628141
25.020000,2952.720592,30.528866
25.030000,2953.025384,30.429600
25.040000,2953.329184,30.330343
25.050000,2953.631991,30.231095
25.060000,2953.933806,30.131855
25.070000,2954.234628,30.032624
25.080000,2954.534458,29.933401
25.090000,2954.833296,29.834187
25.100000,2955.131142,29.734982
25.110000,2955.427996,29.635785
25.120000,2955.723858,29.536596
25.130000,2956.018728,29.437416
25.140000,2956.312606,29.338245
25.150000,2956.605492,29.239082
25.160000,2956.897388,29.139927
25.170000,2957.188291,29.040781
25.180000,2957.478203,28.941643
25.190000,2957.767124,28.842514
25.200000,2958.055053,28.743393
25.210000,2958.341992,28.644280
25.220000,2958.627939,28.545176
25.230000,2958.912895,28.446080
25.240000,2959.196861,28.346992
25.250000,2959.479835,28.247912
25.260000,2959.761819,28.148841
25.270000,2960.042812,28.049778
25.280000,2960.322815,27.950723
25.290000,2960.601827,27.851677
25.300000,2960.879848,27.752638
25.310000,2961.156879,27.653608
25.320000,2961.432920,27.554586
25.330000,2961.707971,27.455572
25.340000,2961.982032,27.356566
25.350000,2962.255103,27.257568
25.360000,2962.527183,27.158579
25.370000,2962.798274,27.059597
25.380000,2963.068375,26.960623
25.390000,2963.337487,26.861657
25.400000,2963.605608,26.762700
25.410000,2963.872741,26.663750
25.420000,2964.138883,26.564808
25.430000,2964.404037,26.465874
25.440000,2964.668201,26.366948
25.450000,2964.931376,26.268030
25.460000,2965.193562,26.169119
25.470000,2965.454758,26.070217
25.480000,2965.714966,25.971322
25.490000,2965.974185,25.872435
25.500000,2966.232415,25.773556
25.510000,2966.489656,25.674685
25.520000,2966.745908,25.575821
25.530000,2967.001172,25.476965
25.540000,2967.255448,25.378117
25.550000,2967.508735,25.279277
25.560000,2967.761033,25.180444
25.570000,2968.012344,25.081619
25.580000,2968.262666,24.982801
25.590000,2968.512000,24.883991
25.600000,2968.760346,24.785188
25.610000,2969.007704,24.686394
25.620000,2969.254074,24.587606
25.630000,2969.499456,24.488826
25.640000,2969.743850,24.390054
25.650000,2969.987257,24.291289
25.660000,2970.229676,24.192532
25.670000,2970.471108,24.093782
25.680000,2970.711552,23.995039
25.690000,2970.951008,23.896304
25.700000,2971.189478,23.797576
25.710000,2971.426960,23.698856
25.720000,2971.663455,23.600143
25.730000,2971.898963,23.501437
25.740000,2972.133484,23.402739
25.750000,2972.367018,23.304047
25.760000,2972.599565,23.205363
25.770000,2972.831125,23.106687
25.780000,2973.061698,23.008017
25.790000,2973.291285,22.909355
25.800000,2973.519886,22.810700
25.810000,2973.747499,22.712052
25.820000,2973.974127,22.613412
25.830000,2974.199768,22.514778
25.840000,2974.424422,22.416151
25.850000,2974.648091,22.317532
25.860000,2974.870773,22.218920
25.870000,2975.092469,22.120314
25.880000,2975.313179,22.021716
25.890000,2975.532903,21.923125
25.900000,2975.751642,21.824541
25.910000,2975.969394,21.725963
25.920000,2976.186161,21.627393
25.930000,2976.401942,21.528830
25.940000,2976.616738,21.430273
25.950000,2976.830548,21.331724
25.960000,2977.043372,21.233181
25.970000,2977.255211,21.134645
25.980000,2977.466065,21.036116
25.990000,2977.675934,20.937594
26.000000,2977.884817,20.839078
26.010000,2978.092715,20.740570
26.020000,2978.299628,20.642068
26.030000,2978.505557,20.543573
26.040000,2978.710500,20.445084
26.050000,2978.914458,20.346603
26.060000,2979.117432,20.248128
26.070000,2979.319421,20.149659
26.080000,2979.520425,20.051197
26.090000,2979.720445,19.952742
26.100000,2979.919480,19.854294
26.110000,2980.117531,19.755852
26.120000,2980.314597,19.657416
26.130000,2980.510679,19.558988
26.140000,2980.705777,19.460565
26.150000,2980.899890,19.362149
26.160000,2981.093020,19.263740
26.170000,2981.285165,19.165337
26.180000,2981.476327,19.066941
26.190000,2981.666504,18.968551
26.200000,2981.855698,18.870167
26.210000,2982.043907,18.771790
26.220000,2982.231133,18.673419
26.230000,2982.417376,18.575055
26.240000,2982.602635,18.476696
26.250000,2982.786910,18.378345
26.260000,2982.970201,18.279999
26.270000,2983.152510,18.181660
26.280000,2983.333835,18.083327
26.290000,2983.514176,17.985000
26.300000,2983.693535,17.886679
26.310000,2983.871910,17.788365
26.320000,2984.049302,17.690057
26.330000,2984.225711,17.591754
26.340000,2984.401137,17.493458
26.350000,2984.575580,17.395169
26.360000,2984.749041,17.296885
26.370000,2984.921518,17.198607
26.380000,2985.093013,17.100335
26.390000,2985.263525,17.002070
26.400000,2985.433054,16.903810
26.410000,2985.601601,16.805557
26.420000,2985.769165,16.707309
26.430000,2985.935747,16.609067
26.440000,2986.101346,16.510832
26.450000,2986.265964,16.412602
26.460000,2986.429598,16.314378
26.470000,2986.592251,16.216160
26.480000,2986.753922,16.117948
26.490000,2986.914610,16.019742
26.500000,2987.074316,15.921541
26.510000,2987.233041,15.823346
26.520000,2987.390783,15.725157
26.530000,2987.547544,15.626974
26.540000,2987.703323,15.528797
26.550000,2987.858120,15.430625
26.560000,2988.011935,15.332459
26.570000,2988.164769,15.234299
26.580000,2988.316622,15.136145
26.590000,2988.467492,15.037996
26.600000,2988.617382,14.939852
26.610000,2988.766289,14.841715
26.620000,2988.914216,14.743583
26.630000,2989.061161,14.645456
26.640000,2989.207125,14.547335
26.650000,2989.352108,14.449220
26.660000,2989.496110,14.351110
26.670000,2989.639131,14.253006
26.680000,2989.781170,14.154907
26.690000,2989.922229,14.056813
26.700000,2990.062307,13.958725
26.710000,2990.201403,13.860643
26.720000,2990.339520,13.762566
26.730000,2990.476655,13.664494
26.740000,2990.612809,13.566428
26.750000,2990.747983,13.468367
26.760000,2990.882177,13.370311
26.770000,2991.015389,13.272261
26.780000,2991.147621,13.174216
26.790000,2991.278873,13.076176
26.800000,2991.409144,12.978141
26.810000,2991.538435,12.880112
26.820000,2991.666746,12.782088
26.830000,2991.794077,12.684069
26.840000,2991.920427,12.586055
26.850000,2992.045797,12.488047
26.860000,2992.170187,12.390043
26.870000,2992.293597,12.292045
26.880000,2992.416028,12.194052
26.890000,2992.537478,12.096064
26.900000,2992.657949,11.998081
26.910000,2992.777440,11.900103
26.920000,2992.895951,11.802130
26.930000,2993.013482,11.704162
26.940000,2993.130034,11.606199
26.950000,2993.245607,11.508241
26.960000,2993.360200,11.410288
26.970000,2993.473814,11.312340
26.980000,2993.586448,11.214397
26.990000,2993.698103,11.116458
27.000000,2993.808779,11.018525
27.010000,2993.918476,10.920596
27.020000,2994.027193,10.822673
27.030000,2994.134932,10.724754
27.040000,2994.241691,10.626840
27.050000,2994.347471,10.528930
27.060000,2994.452272,10.431026
27.070000,2994.556093,10.333126
27.080000,2994.658936,10.235231
27.090000,2994.760799,10.137341
27.100000,2994.861684,10.039455
27.110000,2994.961589,9.941574
27.120000,2995.060515,9.843698
27.130000,2995.158462,9.745826
27.140000,2995.255430,9.647959
27.150000,2995.351419,9.550096
27.160000,2995.446429,9.452238
27.170000,2995.540459,9.354385
27.180000,2995.633511,9.256536
27.190000,2995.725584,9.158692
27.200000,2995.816677,9.060852
27.210000,2995.906793,8.963017
27.220000,2995.995929,8.865186
27.230000,2996.084087,8.767360
27.240000,2996.171267,8.669538
27.250000,2996.257469,8.571721
27.260000,2996.342694,8.473908
27.270000,2996.426941,8.376099
27.280000,2996.510210,8.278295
27.290000,2996.592502,8.180495
27.300000,2996.673817,8.082699
27.310000,2996.754156,7.984908
27.320000,2996.833517,7.887121
27.330000,2996.911902,7.789339
27.340000,2996.989311,7.691560
27.350000,2997.065744,7.593786
27.360000,2997.141201,7.496016
27.370000,2997.215682,7.398250
27.380000,2997.289188,7.300489
27.390000,2997.361718,7.202731
27.400000,2997.433272,7.104978
27.410000,2997.503850,7.007229
27.420000,2997.573451,6.909484
27.430000,2997.642076,6.811743
27.440000,2997.709722,6.714007
27.450000,2997.776391,6.616274
27.460000,2997.842082,6.518545
27.470000,2997.906794,6.420821
27.480000,2997.970527,6.323100
27.490000,2998.033281,6.225384
27.500000,2998.095055,6.127672
27.510000,2998.155849,6.029963
27.520000,2998.215663,5.932259
27.530000,2998.274496,5.834558
27.540000,2998.332347,5.736862
27.550000,2998.389217,5.639169
27.560000,2998.445104,5.541481
27.570000,2998.500010,5.443796
27.580000,2998.553932,5.346115
27.590000,2998.606872,5.248439
27.600000,2998.658828,5.150766
27.610000,2998.709800,5.053096
27.620000,2998.759788,4.955431
27.630000,2998.808793,4.857770
27.640000,2998.856818,4.760112
27.650000,2998.903863,4.662458
27.660000,2998.949931,4.564808
27.670000,2998.995022,4.467162
27.680000,2999.039139,4.369520
27.690000,2999.082283,4.271881
27.700000,2999.124455,4.174246
27.710000,2999.165658,4.076614
27.720000,2999.205892,3.978987
27.730000,2999.245159,3.881363
27.740000,2999.283462,3.783742
27.750000,2999.320801,3.686126
27.760000,2999.357177,3.588512
27.770000,2999.392594,3.490903
27.780000,2999.427051,3.393297
27.790000,2999.460552,3.295694
27.800000,2999.493097,3.198096
27.810000,2999.524687,3.100500
27.820000,2999.555326,3.002908
27.830000,2999.585013,2.905320
27.840000,2999.613751,2.807735
27.850000,2999.641540,2.710154
27.860000,2999.668376,2.612576
27.870000,2999.694254,2.515001
27.880000,2999.719167,2.417430
27.890000,2999.743110,2.319863
27.900000,2999.766077,2.222299
27.910000,2999.788063,2.124738
27.920000,2999.809062,2.027181
27.930000,2999.829068,1.929628
27.940000,2999.848075,1.832078
27.950000,2999.866078,1.734532
27.960000,2999.883070,1.636989
27.970000,2999.899047,1.539450
27.980000,2999.914003,1.441914
27.990000,2999.927931,1.344382
28.000000,2999.940827,1.246854
28.010000,2999.952684,1.149329
28.020000,2999.963496,1.051809
28.030000,2999.973259,0.954291
28.040000,2999.981965,0.856778
28.050000,2999.989611,0.759268
28.060000,2999.996189,0.661762
28.070000,3000.001694,0.564259
28.080000,3000.006134,0.466760
28.090000,3000.009638,0.369265
28.100000,3000.012400,0.271772
28.110000,3000.014617,0.174280
28.120000,3000.016483,0.076790
