Altitude (m),Velocidade (m/s)
0,0.0
1,8.901212924494526
2,14.444299951614912
3,19.071983523122856
4,23.160449344627892
5,26.859666078337565
6,30.25707679132409
7,33.41518636290351
8,36.37890747414964
9,39.19420260216068
10,41.88454342651608
11,44.46647998133416
12,46.95188425300185
13,49.351750064483376
14,51.673948409182536
15,53.925370932457554
16,56.111947099895545
17,58.23628483150928
18,60.302118987724164
19,62.31634266942324
20,64.27899547032003
21,66.19429652883532
22,68.06548313706934
23,69.89452919727614
24,71.68380950088533
25,73.43767354294111
26,75.15142946393478
27,76.83315714086822
28,78.48420736710506
29,80.10158939841277
30,81.69106472895167
31,83.2542092278818
32,84.79201187685213
33,86.30455923361075
34,87.79154533606679
35,89.25591829772797
36,90.6985714096417
37,92.12058183420534
38,93.52308712633769
39,94.90725376565862
40,96.27405474811975
41,97.6241553048552
42,98.95810078934704
43,100.2764559584987
44,101.57979091229934
45,102.86861624074164
46,104.14331595955349
47,105.40421939925837
48,106.65165457264278
49,107.88595758930347
50,109.10750570988354
51,110.31674189680542
52,111.5141326598255
53,112.70010803473563
54,113.8750634546544
55,115.03817678044695
56,116.19043821720604
57,117.33280564759447
58,118.46566850400454
59,119.58940035722202
60,120.7043509567111
61,121.81058258851274
62,122.90658750192517
63,123.99463743615374
64,125.07496298419936
65,126.14777872393988
66,127.21323138145513
67,128.2689430850407
68,129.3177196846875
69,130.35976857956894
70,131.39529237190143
71,132.42266202784634
72,133.442840621394
73,134.45709701815133
74,135.46560368422726
75,136.4664248374881
76,137.46071496671823
77,138.44965600923211
78,139.43336106570948
79,140.40874563815717
80,141.37921951436587
81,142.34492239620866
82,143.3040235411974
83,144.25716806577074
84,145.20592616348787
85,146.1492850689899
86,147.0860618507342
87,148.01878038835548
88,148.94679377820336
89,149.8679663583134
90,150.7853168655679
91,151.69812463487122
92,152.6040716271084
93,153.5063192528133
94,154.4036180361187
95,155.29444688061665
96,156.18179222982326
97,157.0635111908108
98,157.9397298292335
99,158.8126887478292
100,159.67887333016503
101,160.54087213756276
102,161.39923402588016
103,162.25028443277782
104,163.09831491015026
105,163.9407912309654
106,164.77778808511496
107,165.61191264633482
108,166.4378314223826
109,167.26069859864603
110,168.07810956057332
111,168.88973648637366
112,169.6986683466829
113,170.4991098410803
114,171.29698755430826
115,172.0886995389929
116,172.87547692008403
117,173.65854032371692
118,174.4343530367637
119,175.20796133153743
120,175.9737660011558
121,176.7366999556993
122,177.49398137756705
123,178.24651169052376
124,178.9953882501884
125,179.7377905455234
126,180.47837061672547
127,181.21090448987886
128,181.94191307836653
129,182.66621665843599
130,183.3877815038741
131,184.10416391965566
132,184.8166019450822
133,185.52521614289648
134,186.22877028538377
135,186.92967838489764
136,187.62452593018827
137,188.31778574514226
138,189.00412152970713
139,189.68962969942925
140,190.36786766460975
141,191.04521490424244
142,191.7161342035575
143,192.38555992023362
144,193.0492160549636
145,193.7108556202556
146,194.36722496024092
147,195.02116722517724
148,195.6702931650509
149,196.31669570061138
150,196.95866775814753
151,197.59771801764413
152,198.23262656924513
153,198.8644985536325
154,199.4924105033117
155,200.11721589198999
156,200.73809667109586
157,201.35589122663853
158,201.96971245553925
159,202.58055520657882
160,203.18728649272526
161,203.7911912913633
162,204.3906877881466
163,204.9876516127758
164,205.57989085737316
165,206.17000960041605
166,206.7550628234183
167,207.3384569797158
168,207.91626736251794
169,208.49296725070957
170,209.0634229749172
171,209.6334225997826
172,210.1963958884265
173,210.75936917707045
174,211.31507141513393
175,211.87046311906934
176,212.41955204533744
177,212.96748784080134
178,213.5101670572435
179,214.05080149076764
180,214.58713004378592
181,215.12037813931678
182,215.65030680715716
183,216.17591442675507
184,216.69938436533727
185,217.2172058301296
186,217.73423810517633
187,218.244423259814
188,218.75460841445167
189,219.25793141093527
190,219.76066543261416
191,220.25804294024076
192,220.75341388394767
193,221.24491212727287
194,221.7328788281108
195,222.21855608564573
196,222.6990829345922
197,223.1790006758078
198,223.65206863652142
199,224.12513659723504
200,224.59190330878513
201,225.0575137992298
202,225.5186824846195
203,225.97686187708885
204,226.4325299365236
205,226.88332524886792
206,227.3335914264351
207,227.7770566824383
208,228.2205219384415
209,228.658268124823
210,229.09453152009945
211,229.52728915248755
212,229.95662402568186
213,230.38455153129144
214,230.8071184896579
215,231.2296854480244
216,231.6461754662296
217,232.06199098151365
218,232.4737674648113
219,232.88264959093868
220,233.28975839754932
221,233.6916979005319
222,234.09363740351446
223,234.4894996325801
224,234.8848251139498
225,235.27651700197313
226,235.6655004364051
227,236.05314911863007
228,236.43600452368338
229,236.81885992873669
230,237.1966395630792
231,237.57354851125996
232,237.9476827008152
233,238.31881508986478
234,238.68939675580376
235,239.05492239391774
236,239.4204480320317
237,239.78213456551063
238,240.14223246503818
239,240.50069901078277
240,240.85549529812815
241,241.21029158547353
242,241.56049865561909
243,241.91019305205253
244,242.25750805210512
245,242.6022743254681
246,242.94675421841578
247,243.28655911803418
248,243.62636401765258
249,243.96304830771595
250,244.29785469769644
251,244.63175708155933
252,244.96161470452122
253,245.2914723274831
254,245.61782183024886
255,245.94289288979078
256,246.2666804404494
257,246.58708609505328
258,246.9074917496572
259,247.22401563951848
260,247.53962525579792
261,247.85352704003904
262,248.16405037146347
263,248.4745737028879
264,248.78065511652036
265,249.08597968973368
266,249.3894278460433
267,249.6896173473277
268,249.98980684861206
269,250.28561030155439
270,250.58075174746725
271,250.87405612399192
272,251.16416261325477
273,251.45426910251766
274,251.74006100132218
275,252.02511249491022
276,252.30846734716877
277,252.58845369545918
278,252.86844004374962
279,253.1443580836835
280,253.41931731707382
281,253.6929014021627
282,253.96288835689882
283,254.23287531163493
284,254.49923922515583
285,254.7643098752403
286,255.02845466677243
287,255.2886657026814
288,255.54887673859042
289,255.80604364300254
290,256.06147882901973
291,256.3165473950318
292,256.5672636302687
293,256.8179798655056
294,257.066315297007
295,257.31237693398685
296,257.5584385709667
297,257.8001990224495
298,258.041679647393
299,258.28151305513705
300,258.51841882651627
301,258.75532459789554
302,258.9886725296895
303,259.2209877002441
304,259.4524631541998
305,259.68021271216355
306,259.90796227012726
307,260.1330563788356
308,260.35628101687865
309,260.5795056549217
310,260.79827346600615
311,261.01696842167934
312,261.23393639729943
313,261.44802880980995
314,261.6621212223205
315,261.87254902897
316,262.08182516840066
317,262.29039376752434
318,262.4946517838249
319,262.6989098001255
320,262.90055628917804
321,263.09975016375
322,263.29894403832196
323,263.4935438327698
324,263.68754713728816
325,263.880228402825
326,264.0689286391897
327,264.2576288755544
328,264.4431291586765
329,264.6265703189058
330,264.810011479135
331,264.9883846184918
332,265.16656145107055
333,265.3430235100759
334,265.51570724893503
335,265.68839098779415
336,265.8572154069294
337,266.0240247584858
338,266.1908341100422
339,266.3517806933379
340,266.51271120977725
341,266.67172165021327
342,266.82688959904027
343,266.98205754786727
344,267.13345571638445
345,267.28295409795874
346,267.43245247953297
347,267.5762059221073
348,267.7199163311055
349,267.861734239189
350,267.99946128803896
351,268.137188336889
352,268.27105786790315
353,268.4027220584673
354,268.5343862490314
355,268.66053920614337
356,268.78641793831287
357,268.9108224230035
358,269.0311482457375
359,269.1514740684715
360,269.2686491457259
361,269.3834960876267
362,269.4983430295276
363,269.60822856431645
364,269.71744704800926
365,269.82561543288045
366,269.92915408391445
367,270.03269273494845
368,270.13351214876906
369,270.2314488261739
370,270.32938550357875
371,270.42305999091013
372,270.5155547316829
373,270.6076302668677
374,270.6947808605256
375,270.78193145418345
376,270.8671329182868
377,270.94903323233126
378,271.0309335463757
379,271.10944995214186
380,271.1862367220622
381,271.26302349198255
382,271.33509734085334
383,271.40692374171357
384,271.4776483171944
385,271.54481506855876
386,271.61198181992313
387,271.67684533394055
388,271.7395906138209
389,271.80233589370124
390,271.8617394206847
391,271.92032631056475
392,271.9785883853776
393,272.03333875599054
394,272.0880891266035
395,272.14155096067725
396,272.19276305795364
397,272.24397515523003
398,272.2930977658327
399,272.34105640694395
400,272.3890150480552
401,272.434371932049
402,272.4794993511623
403,272.5241337440407
404,272.5667250199703
405,272.60931629589993
406,272.6507980113929
407,272.6910217401841
408,272.73124546897526
409,272.76987085436343
410,272.80793984556635
411,272.84598198749194
412,272.88211086182577
413,272.9182397361596
414,272.95386762113094
415,272.988237934628
416,273.02260824812504
417,273.05604323017667
418,273.08872817676246
419,273.12141312334825
420,273.1528826876045
421,273.1840929115639
422,273.2151763392235
423,273.24501493232475
424,273.274853525426
425,273.30419929394156
426,273.3326685761217
427,273.36113785830184
428,273.3887959578895
429,273.4159706103884
430,273.4431452628873
431,273.46917552631254
432,273.4950679257337
433,273.5207606801914
434,273.54538681910236
435,273.5700129580133
436,273.59411202197236
437,273.61748963260624
438,273.6408672432401
439,273.66334787124026
440,273.6854179117659
441,273.7074879522915
442,273.72820983665315
443,273.74885957686007
444,273.76918441856947
445,273.78830041774546
446,273.8074164169215
447,273.8257749905573
448,273.84329276907033
449,273.86081054758336
450,273.877111024356
451,273.89297373592086
452,273.9088364474857
453,273.92298680971754
454,273.93713137147563
455,273.950815846511
456,273.9631725389194
457,273.9755292313278
458,273.9869418125161
459,273.9974748014652
460,274.00800779041435
461,274.0171191943065
462,274.0258243093553
463,274.0344592590474
464,274.0412931981229
465,274.0481271371984
466,274.0544130377114
467,274.05940208938296
468,274.06439114105444
469,274.0683724225607
470,274.0715504265407
471,274.0747284305207
472,274.0764417281423
473,274.07782418333016
474,274.0790676881256
475,274.078596655879
476,274.07812562363245
477,274.0770072656737
478,274.0745991648225
479,274.0721910639712
480,274.0685987234751
481,274.06419503487047
482,274.0597913462659
483,274.05376531078093
484,274.04745918297766
485,274.04094849585374
486,274.0328202243285
487,274.0246919528032
488,274.0158890246454
489,274.0059469211033
490,273.9960048175612
491,273.984892478642
492,273.9730984057175
493,273.961304332793
494,273.9478496771306
495,273.9341942168629
496,273.92025891633756
497,273.90477088941986
498,273.8892828625022
499,273.8730507244305
500,273.85576395897016
501,273.8384771935098
502,273.8200149011392
503,273.8009869135625
504,273.78195892598586
505,273.7614202744289
506,273.7407801277857
507,273.7198454718427
508,273.6977291990947
509,273.6756129263467
510,273.65283941849265
511,273.6293023149835
512,273.6057652114743
513,273.58129029636683
514,273.5564618913438
515,273.53163348632086
516,273.50568217687123
517,273.4797202073813
518,273.45350666792
519,273.42656059627086
520,273.39961452462165
521,273.3722955254729
522,273.3446342043496
523,273.3169728832263
524,273.2889398778539
525,273.26080681814216
526,273.23265090091337
527,273.2041035681252
528,273.175556235337
529,273.146893108949
530,273.1179875271613
531,273.08908194537355
532,273.06001700980596
533,273.03084227343265
534,273.00166753705935
535,272.97232980169997
536,272.94296590049333
537,272.9135781518984
538,272.884033726787
539,272.85448930167564
540,272.8248638694026
541,272.79511859793075
542,272.765373326459
543,272.73549377849946
544,272.7055496867025
545,272.6756055949055
546,272.64549751756186
547,272.61538048481714
548,272.58523383344607
549,272.5549833149187
550,272.5247327963913
551,272.49442471729
552,272.46405823782555
553,272.43369175836114
554,272.4032226625
555,272.37272320805096
556,272.34221649036
557,272.31156522815843
558,272.2809139659569
559,272.2502103611521
560,272.21939795801825
561,272.1885855548844
562,272.1576695322256
563,272.12668518700184
564,272.09570084177807
565,272.06453891407745
566,272.0333530682559
567,272.0021297616586
568,271.97071095516
569,271.9392921486613
570,271.9077560330787
571,271.876071314857
572,271.8443865966352
573,271.8124864878621
574,271.78050359799255
575,271.7485192295926
576,271.7162040110171
577,271.6838887924417
578,271.65146781182
579,271.6187845985395
580,271.586101385259
581,271.5531894578954
582,271.52010586003985
583,271.4870222621843
584,271.45352274268487
585,271.41995323405524
586,271.3863098965413
587,271.3522189790746
588,271.3181280616079
589,271.2838076800316
590,271.2491808130394
591,271.21455394604715
592,271.1795283569521
593,271.1443443252598
594,271.10915794908084
595,271.0733958881425
596,271.0376338272042
597,271.0016917787242
598,270.96531635947906
599,270.92894094023393
600,270.89220812536485
601,270.8552205323384
602,270.81823293931194
603,270.78076494104437
604,270.74322842386886
605,270.7056146894037
606,270.6676173000524
607,270.6296199107011
608,270.5913885457395
609,270.5528835499364
610,270.5143785541333
611,270.47537935954756
612,270.43622011471274
613,270.39701593825
614,270.3569730301141
615,270.3169301219782
616,270.27655981846846
617,270.2355744860346
618,270.19458915360076
619,270.15302642957374
620,270.11114597188697
621,270.0692655142002
622,270.026505297419
623,269.98369269800116
624,269.94064911254816
625,269.89688872646855
626,269.8531283403889
627,269.8088523451545
628,269.7641455156003
629,269.71943868604615
630,269.67392377245653
631,269.62826295049865
632,269.5824576422671
633,269.53583704646735
634,269.4892164506676
635,269.44215796798886
636,269.39457556264364
637,269.34699315729847
638,269.2986839937038
639,269.2501469278165
640,269.2015448932695
641,269.1520603342041
642,269.1025757751388
643,269.05273752988245
644,269.00231526881737
645,268.9518930077523
646,268.9008405058719
647,268.84950105328693
648,268.7981616007019
649,268.74591575622946
650,268.6936685219432
651,268.6411477410369
652,268.588021467006
653,268.5348951929751
654,268.481229093962
655,268.42723954609943
656,268.3732499982369
657,268.3184816433532
658,268.2636643663674
659,268.208634773097
660,268.1529943350561
661,268.09735389701524
662,268.04125003985024
663,267.98480567301823
664,267.92836130618616
665,267.8713841217599
666,267.81434539691
667,267.7570513015173
668,267.6988411414117
669,267.6406309813062
670,267.58206977554477
671,267.5232108248682
672,267.4643518741916
673,267.39175257874774
674,267.3170219557918
675,267.24236700974404
676,267.1680302522096
677,267.09369349467505
678,267.0193732176516
679,266.94506811888726
680,266.870763020123
681,266.7964444361645
682,266.72212349071754
683,266.64780878951166
684,266.57352189619394
685,266.4992350028763
686,266.4249712231585
687,266.3507289724081
688,266.2764867216577
689,266.2022769762033
690,266.12807278327017
691,266.0538743438274
692,265.9797000494064
693,265.90552575498543
694,265.83136283171683
695,265.7572098819926
696,265.68305693226836
697,265.60891680545177
698,265.53477851021125
699,265.4606425363257
700,265.38651482816545
701,265.3123871200052
702,265.2382630934445
703,265.16414189588164
704,265.09002069831877
705,265.01590065645917
706,264.9417807238138
707,264.8676597453271
708,264.79353584823315
709,264.71941195113925
710,264.6452823497699
711,264.5711491911957
712,264.49701603262145
713,264.42287029012755
714,264.34872415825305
715,264.2745726799934
716,264.20041014906997
717,264.1262476181465
718,264.0520725580043
719,263.9778917097773
720,263.9037099754762
721,263.8295089717959
722,263.7553079681156
723,263.6810989257398
724,263.60687811602367
725,263.5326573063076
726,263.4584221268289
727,263.3841826487071
728,263.30994089747713
729,263.23568465095093
730,263.1614284044247
731,263.08716561884034
732,263.0128963808768
733,262.93862714291316
734,262.86434994146975
735,262.7900715822466
736,262.7157924783054
737,262.6415110763367
738,262.56722967436804
739,262.492949957445
740,262.4186712803765
741,262.34439260330805
742,262.2701223803916
743,262.19585220872875
744,262.12158776395745
745,262.0473330075523
746,261.9730782511472
747,261.89883855145644
748,261.82460384423234
749,261.75037272171164
750,261.6761650860152
751,261.60195745031876
752,261.52776420761353
753,261.45358447693803
754,261.3794047462625
755,261.3052433770737
756,261.23108402325823
757,261.15692603376647
758,261.0827714115508
759,261.0086167893351
760,260.93446022217046
761,260.8603027293
762,260.78614501273944
763,260.71198426136186
764,260.6378235099843
765,260.5636643043608
766,260.4895069009237
767,260.41534949748655
768,260.34120058566117
769,260.26705309434124
770,260.19290910998546
771,260.11877544695216
772,260.04464178391885
773,259.97051970401264
774,259.89640379412253
775,259.82228899456857
776,259.7481939442875
777,259.6740988940064
778,259.60001483879296
779,259.52594390420427
780,259.45187296961564
781,259.37782447770405
782,259.30377962248195
783,259.2297421784872
784,259.15572507048637
785,259.0817079624856
786,259.00771070933064
787,258.93372299144625
788,258.85973773921114
789,258.7857787106828
790,258.7118196821544
791,258.63787484753607
792,258.5639443071059
793,258.49001376667576
794,258.4161088793752
795,258.34220645356595
796,258.268312171314
797,258.19443453050303
798,258.12055688969207
799,258.0466957764041
800,257.9728402727637
801,257.89898776488707
802,257.82515025047275
803,257.75131273605837
804,257.6774837830341
805,257.6036608196508
806,257.5298380005306
807,257.4560269479066
808,257.38221589528257
809,257.30840889828636
810,257.2346071102688
811,257.16080532225135
812,257.08700923122785
813,257.01321402707
814,256.93942020950385
815,256.86562970985113
816,256.7918392101984
817,256.71805045503237
818,256.6442623580123
819,256.57047421870374
820,256.4966858562254
821,256.42289749374703
822,256.34910829456913
823,256.27531852451983
824,256.2015286751248
825,256.12773638167516
826,256.0539440882256
827,255.98015134129204
828,255.90635808370104
829,255.83256482611
830,255.7587750168106
831,255.68498554378496
832,255.61119895534605
833,255.53741763478553
834,255.463636314225
835,255.38986062034988
836,255.31608634724105
837,255.24231341844256
838,255.16854463558653
839,255.09477585273052
840,255.02101039773183
841,254.94724641564864
842,254.8734830146454
843,254.79972308441262
844,254.72596315417985
845,254.65220542378108
846,254.57844918758204
847,254.50469319712232
848,254.43094192655846
849,254.35719065599457
850,254.28344248014704
851,254.20969733358703
852,254.13595218702702
853,254.06221343796756
854,253.98847493420672
855,253.91473907584253
856,253.84100683075357
857,253.76727458566458
858,253.69354758522022
859,253.61982127195375
860,253.5460970331571
861,253.47237668955358
862,253.39865634595006
863,253.32494061126803
864,253.25122593864776
865,253.17751253163925
866,253.1038023822111
867,253.03009223278292
868,252.9563860672126
869,252.88268123842008
870,252.80897742507005
871,252.7352772209012
872,252.66157701673234
873,252.58788005909776
874,252.5141845447378
875,252.44048994108053
876,252.3667998867652
877,252.2931098324499
878,252.21942311532044
879,252.14573824944017
880,252.0720541146173
881,251.99837526775065
882,251.924696420884
883,251.85102169566875
884,251.7773497002247
885,251.7036783137128
886,251.6300136065049
887,251.556348899297
888,251.48268860890644
889,251.40903168629637
890,251.33537526182076
891,251.2617277273457
892,251.1880801928706
893,251.114437788611
894,251.0407997441136
895,250.96716203316964
896,250.8935351163937
897,250.81990819961774
898,250.7462869139208
899,250.67267080110688
900,250.59905486033375
901,250.52545079435419
902,250.45184672837462
903,250.37824903906701
904,250.3046574959604
905,250.2310660256413
906,250.15748668291454
907,250.08390734018775
908,250.01033417733757
909,249.93676708239468
910,249.86320005128084
911,249.7896456814303
912,249.71609131157976
913,249.6425430151021
914,249.5690006172304
915,249.4954583526996
916,249.421927631935
917,249.34839691117043
918,249.27487204838388
919,249.2013526501623
920,249.12783348746356
921,249.05432345024437
922,248.98081341302517
923,248.90730843662902
924,248.83380786280134
925,248.7603076899023
926,248.68681578911563
927,248.61332388832895
928,248.5398364300542
929,248.46635246935728
930,248.39286871573506
931,248.3193875305414
932,248.24590634534775
933,248.17242276904676
934,248.0989375416591
935,248.02545040643093
936,247.9519478806437
937,247.87844535485647
938,247.8049280619349
939,247.73140212839107
940,247.65787261112715
941,247.58432329477
942,247.51077397841286
943,247.43721071421606
944,247.36364081009475
945,247.2900669688331
946,247.2164777196762
947,247.14288847051927
948,247.06928742047108
949,246.99568203623375
950,246.92207328741415
951,246.84845501497063
952,246.77483674252707
953,246.70121150076338
954,246.62758443483528
955,246.55395635004047
956,246.48032615747874
957,246.40669596491702
958,246.3330669730465
959,246.2594381750239
960,246.1858122081987
961,246.11219052486365
962,246.0385688415286
963,245.96495769693027
964,245.89134726461128
965,245.81774455447456
966,245.7441503024653
967,245.6705564417391
968,245.59698211858137
969,245.52340779542362
970,245.44984638404148
971,245.37629496149285
972,245.3027463259665
973,245.22922028451646
974,245.15569424306645
975,245.08218553246954
976,245.00868584568306
977,244.93519171212822
978,244.86171882717008
979,244.78824594221197
980,244.71479350992007
981,244.64134758631434
982,244.56790969865358
983,244.49448954904275
984,244.42106939943193
985,244.34767028198
986,244.2742743972117
987,244.20088761617893
988,244.1275132248401
989,244.05413883350127
990,243.9807819889791
991,243.90742546363285
992,243.83407758115837
993,243.7607369873142
994,243.68739776252937
995,243.6140702500779
996,243.54074273762643
997,243.46742267134653
998,243.3941062958552
999,243.32079196296138
1000,243.2474843043008
1001,243.1741766456402
1002,243.10087339606682
1003,243.02757123611823
1004,242.95426989754145
1005,242.88096995073374
1006,242.80767000392603
1007,242.7343691252109
1008,242.66106818933767
1009,242.58776568145467
1010,242.51446169352047
1011,242.44115714075735
1012,242.36784685588646
1013,242.29453657101556
1014,242.22122073047217
1015,242.14790210512828
1016,242.0745810354507
1017,242.00125240452482
1018,241.92792377359893
1019,241.8545845724156
1020,241.78124311755374
1021,241.70789526018646
1022,241.6345380354514
1023,241.56118081071637
1024,241.48780801880304
1025,241.41443506179522
1026,241.34105378089615
1027,241.2676663422164
1028,241.19427676265573
1029,241.1208760956786
1030,241.04747542870143
1031,240.97406637490553
1032,240.9006545353948
1033,240.82724003230092
1034,240.75382038757846
1035,240.68040074285597
1036,240.60697576912153
1037,240.53355041648433
1038,240.4601240388768
1039,240.38669674407367
1040,240.31326952136604
1041,240.23984280967107
1042,240.16641609797608
1043,240.09299285630834
1044,240.01957095541616
1045,239.9461515552466
1046,239.87273745154465
1047,239.7993233478427
1048,239.72591836595558
1049,239.65251415679234
1050,239.57911693348592
1051,239.50572603457024
1052,239.43233714111443
1053,239.3589617222787
1054,239.285586303443
1055,239.21222357090332
1056,239.13886538862522
1057,239.0655134469465
1058,238.99217339403504
1059,238.9188333411236
1060,238.8455122692914
1061,238.77219210862341
1062,238.69888325658602
1063,238.62558307879644
1064,238.55228657167035
1065,238.47900685614104
1066,238.40572714061173
1067,238.33246278135772
1068,238.2592023914514
1069,238.18594980693607
1070,238.11270838180877
1071,238.03946748187784
1072,237.96624339912253
1073,237.8930193163672
1074,237.81980577461138
1075,237.74659789036187
1076,237.6733940975323
1077,237.6002012037382
1078,237.5270083099441
1079,237.45382780243278
1080,237.3806487191898
1081,237.30747886145093
1082,237.23431743315467
1083,237.16115980395165
1084,237.08802371037524
1085,237.01488761679883
1086,236.94178712368512
1087,236.86869672433446
1088,236.79562668273047
1089,236.72258593872158
1090,236.64954697319018
1091,236.57654798728223
1092,236.50354900137424
1093,236.43057349771334
1094,236.35760920128752
1095,236.28465301504394
1096,236.2117146305714
1097,236.1387762460989
1098,236.065856148234
1099,235.99293699709128
1100,235.92002399689542
1101,235.84711526603516
1102,235.7742071903068
1103,235.7013012892066
1104,235.6283953881064
1105,235.55548528229002
1106,235.48257457284896
1107,235.40965722108484
1108,235.33673371653842
1109,235.26380703553338
1110,235.190864339391
1111,235.1179216432486
1112,235.0449567574311
1113,234.9719867882457
1114,234.89900060960642
1115,234.8259956629837
1116,234.75298551759983
1117,234.6799353466618
1118,234.6068851757238
1119,234.53379494748495
1120,234.46069263204666
1121,234.387566245893
1122,234.31440704666866
1123,234.2412431635137
1124,234.16802528900493
1125,234.09480741449616
1126,234.0215467694751
1127,233.94827095714302
1128,233.87497323841143
1129,233.8016424284028
1130,233.7283086134682
1131,233.65492782963616
1132,233.58154704580414
1133,233.50813407415126
1134,233.4347088111151
1135,233.3612685826779
1136,233.28780483877614
1137,233.21433941777408
1138,233.14084565220625
1139,233.0673518866384
1140,232.9938435591207
1141,232.92032969524192
1142,232.8468114450237
1143,232.77328647426674
1144,232.69976147830812
1145,232.62623613150726
1146,232.55271078470642
1147,232.47919192204284
1148,232.40567532780807
1149,232.3321656226038
1150,232.25866557481615
1151,232.18516780914734
1152,232.1116921505281
1153,232.0382164919089
1154,231.96476605444684
1155,231.89132304444797
1156,231.81789528470298
1157,231.7444859293227
1158,231.67108055945053
1159,231.5977006219732
1160,231.52432068449585
1161,231.45096071951144
1162,231.3776051530285
1163,231.30426018639824
1164,231.23092559904606
1165,231.15759540590858
1166,231.08428362290044
1167,231.01097183989233
1168,230.93768101550725
1169,230.8643929999069
1170,230.79112036992657
1171,230.7178592219668
1172,230.644605003957
1173,230.57136999097233
1174,230.49813497798763
1175,230.4249259379404
1176,230.35171799803481
1177,230.27852672721508
1178,230.20534422635293
1179,230.13217012341605
1180,230.05901142390312
1181,229.98585381085803
1182,229.9127159664558
1183,229.83957812205358
1184,229.76645471821536
1185,229.6933360501703
1186,229.62022437555538
1187,229.54712105525513
1188,229.47401964094396
1189,229.40092823538393
1190,229.32783682982392
1191,229.25475357322094
1192,229.18167157807449
1193,229.10859248460275
1194,229.0355155480934
1195,228.96243907416354
1196,228.88936377255737
1197,228.81628847095124
1198,228.74321175490903
1199,228.6701350302502
1200,228.5970545839314
1201,228.52397259244714
1202,228.45088727465276
1203,228.3777973816501
1204,228.30470598887575
1205,228.23160514775537
1206,228.158504306635
1207,228.08539224836528
1208,228.0122782827985
1209,227.93915527949852
1210,227.86602556960224
1211,227.79289081880734
1212,227.7197440241886
1213,227.64659691212697
1214,227.5734322253368
1215,227.50026753854664
1216,227.42708887806765
1217,227.3539053612236
1218,227.28071303194932
1219,227.20751068967152
1220,227.13430474860778
1221,227.06108402595285
1222,226.98786330329796
1223,226.91462680435154
1224,226.84138902882734
1225,226.76814062649387
1226,226.69488665519458
1227,226.62162708907562
1228,226.5483587284001
1229,226.4750889234867
1230,226.40180883486528
1231,226.32852874624385
1232,226.25524084549141
1233,226.18195166382964
1234,226.10865865089275
1235,226.0353630493189
1236,225.96206605261975
1237,225.88876629993726
1238,225.81546626359182
1239,225.74216282917394
1240,225.66885939475605
1241,225.5955551449819
1242,225.52225071581705
1243,225.4489467255922
1244,225.37564307478362
1245,225.30234052115253
1246,225.22904041127097
1247,225.15574060898138
1248,225.0824458549522
1249,225.00915110092302
1250,224.93586282548281
1251,224.86257610286845
1252,224.78929466333508
1253,224.71601741657227
1254,224.64274339836416
1255,224.56947656451374
1256,224.49621045970142
1257,224.42295497787214
1258,224.34969949604286
1259,224.2764530248093
1260,224.2032085310558
1261,224.12997041098362
1262,224.05673695409885
1263,223.98350692792175
1264,223.9102836636395
1265,223.83706122839817
1266,223.7638464822144
1267,223.6906317360306
1268,223.61742355464818
1269,223.5442164445826
1270,223.47101247025824
1271,223.39781038768294
1272,223.32460956795745
1273,223.25141072869778
1274,223.1782121379663
1275,223.10501488515476
1276,223.03181763234323
1277,222.95861929832733
1278,222.88542087737363
1279,222.81221985871238
1280,222.73901770611187
1281,222.66581315688177
1282,222.59260588668963
1283,222.51939705701992
1284,222.44618334605917
1285,222.3729694997924
1286,222.29974808786247
1287,222.22652667593252
1288,222.15329913553222
1289,222.0800700113519
1290,222.00683542576098
1291,221.93359677595865
1292,221.86035477570297
1293,221.78710665235138
1294,221.71385724685237
1295,221.64059966911233
1296,221.56734209137232
1297,221.49407791603588
1298,221.42081316066034
1299,221.3475446384435
1300,221.27427453536563
1301,221.20100424480515
1302,221.12773376004753
1303,221.05446357583236
1304,220.98119416580312
1305,220.90792483079767
1306,220.83465649707264
1307,220.76138816334762
1308,220.68812042494505
1309,220.61485278234326
1310,220.5415850208318
1311,220.46831719659986
1312,220.39504929058867
1313,220.32178128446017
1314,220.24851281095383
1315,220.17524290584186
1316,220.10197289643932
1317,220.0287006350649
1318,219.9554283736905
1319,219.88215338104297
1320,219.80887788362045
1321,219.73559975019617
1322,219.66232016836184
1323,219.58903835908473
1324,219.5157538092388
1325,219.44246788563254
1326,219.36917790465884
1327,219.29588755006435
1328,219.22259125109866
1329,219.14929495213298
1330,219.07599246333848
1331,219.00268902449793
1332,218.92938041792985
1333,218.85606933842138
1334,218.7827536711591
1335,218.70943317813158
1336,218.63610944542106
1337,218.56277815255018
1338,218.48944568835597
1339,218.4161041383541
1340,218.34276258835223
1341,218.26940971808529
1342,218.19605599599097
1343,218.1226942912815
1344,218.04932988928903
1345,217.97595913054386
1346,217.9025835067985
1347,217.82920392744114
1348,217.75581808490537
1349,217.6824301964668
1350,217.60903457965406
1351,217.5356386407219
1352,217.46223330277897
1353,217.38882796483603
1354,217.31541505873298
1355,217.2420009057721
1356,217.16858103955894
1357,217.0951585529697
1358,217.02173179254657
1359,216.94830099391925
1360,216.87486781677103
1361,216.801430111388
1362,216.72799111807777
1363,216.6545461020297
1364,216.5811010204252
1365,216.5076491448562
1366,216.4341972692872
1367,216.36074040151001
1368,216.2872826147424
1369,216.2138205040188
1370,216.1403563687713
1371,216.06688944823787
1372,215.993419949007
1373,215.91994852127468
1374,215.8464736501735
1375,215.77299770816623
1376,215.699517491355
1377,215.62603704597169
1378,215.55255154376803
1379,215.47906604156438
1380,215.40557587066309
1381,215.33208510941276
1382,215.25859150608176
1383,215.18509687188467
1384,215.1116000220165
1385,215.0381015775182
1386,214.9646021053466
1387,214.89110127502718
1388,214.81759951936493
1389,214.74409540266504
1390,214.67059103231338
1391,214.59708502233676
1392,214.52357901236013
1393,214.45007030932845
1394,214.37656157347726
1395,214.30305053491148
1396,214.22953906917616
1397,214.15602571196496
1398,214.08251154665882
1399,214.00899510402138
1400,213.935476867472
1401,213.86195694874615
1402,213.78843470373155
1403,213.71491107478573
1404,213.64138391374124
1405,213.567855971215
1406,213.4943234185218
1407,213.42079080816535
1408,213.34725245609303
1409,213.2737141040207
1410,213.20017066124072
1411,213.12662650125287
1412,213.05307701279165
1413,212.97952569712882
1414,212.9059702887
1415,212.83241231114624
1416,212.75885086534413
1417,212.6852857459809
1418,212.61171791894472
1419,212.5381452460182
1420,212.46457070191545
1421,212.39098999349963
1422,212.31740841684723
1423,212.24381973044228
1424,212.17023104403734
1425,212.09663497619326
1426,212.02303880624373
1427,211.94943495516176
1428,211.87582990984603
1429,211.8022192638929
1430,211.72860671194607
1431,211.65498893025583
1432,211.58136805468158
1433,211.5077428927467
1434,211.43411364646974
1435,211.36048145881185
1436,211.28684481080478
1437,211.2132058061664
1438,211.13956086810154
1439,211.06591465987063
1440,210.99226236739227
1441,210.91860955802633
1442,210.8449490215959
1443,210.77128848516546
1444,210.6976214291422
1445,210.6239540604973
1446,210.55028011881532
1447,210.47660499290996
1448,210.4029245073745
1449,210.32924215814091
1450,210.25555549584183
1451,210.181866388309
1452,210.10817369101153
1453,210.0344778853693
1454,209.96077916018254
1455,209.88707664655206
1456,209.81337188698984
1457,209.73966269060998
1458,209.66595202878014
1459,209.59223668720884
1460,209.51852046922204
1461,209.4447989733934
1462,209.37107720697054
1463,209.29735006081395
1464,209.22362291465734
1465,209.14989043227607
1466,209.07615769795814
1467,209.0024193048878
1468,208.9286800171741
1469,208.85493607737496
1470,208.78119077606053
1471,208.7074400344037
1472,208.63368679381162
1473,208.55992768947937
1474,208.486164650413
1475,208.41239606501026
1476,208.3386222177851
1477,208.2648425305833
1478,208.19105508395842
1479,208.11726240755846
1480,208.04345989960544
1481,207.96965286741928
1482,207.8958333875032
1483,207.82201054779378
1484,207.74817314372214
1485,207.67433376771845
1486,207.60047841300292
1487,207.52662245195165
1488,207.4527491556549
1489,207.37887585935817
1490,207.30498764051865
1491,207.23109878807733
1492,207.157197934427
1493,207.08329554085182
1494,207.00938285562466
1495,206.93546783140403
1496,206.8615437716265
1497,206.7876166172691
1498,206.71368260251307
1499,206.6397453068979
1500,206.5658018199129
1501,206.49185436803438
1502,206.41790247414139
1503,206.34394686078576
1504,206.26998753620632
1505,206.19602419832788
1506,206.12205787355586
1507,206.04808739264777
1508,205.9741146894014
1509,205.90013799019687
1510,205.82615975623565
1511,205.75217790932834
1512,205.67819470603672
1513,205.60420721747164
1514,205.53021888062804
1515,205.45622678745926
1516,205.382234092235
1517,205.3082373516042
1518,205.23424026370708
1519,205.16023897693162
1520,205.08623757748612
1521,205.01223173783364
1522,204.93822589818117
1523,204.86421517406478
1524,204.79020432277818
1525,204.71618843834418
1526,204.6421721518106
1527,204.56815194034684
1528,204.49413118823557
1529,204.42010592398466
1530,204.34607975744657
1531,204.2720497546399
1532,204.1980187277221
1533,204.12398443182803
1534,204.04994902727634
1535,203.97590917036902
1536,203.90186745675516
1537,203.8278222360898
1538,203.75377525807144
1539,203.67972373442973
1540,203.60566952005885
1541,203.5316104794843
1542,203.45754810801617
1543,203.3834811891208
1544,203.30941064846516
1545,203.23533507434493
1546,203.1612549124542
1547,203.08716955197508
1548,203.01307880607865
1549,202.93898275653186
1550,202.86488049825428
1551,202.79077324680537
1552,202.71665942252338
1553,202.6425403469171
1554,202.56841353186417
1555,202.4942818094704
1556,202.42014202099213
1557,202.34599746097524
1558,202.27184418549737
1559,202.19768613865136
1560,202.12351844014637
1561,202.04934641513873
1562,201.97516473053204
1563,201.90097888130154
1564,201.82678280465757
1565,201.75258281354283
1566,201.67837228670516
1567,201.6041581039801
1568,201.52993317912342
1569,201.4557048249785
1570,201.38146551757484
1571,201.30722308878248
1572,201.23296987435975
1573,201.15871360249417
1574,201.08444596310935
1575,201.01017554288893
1576,200.9358940656097
1577,200.86160973731432
1578,200.7873133685675
1579,200.71301427763726
1580,200.63870306933194
1581,200.56438940818342
1582,200.4900643357406
1583,200.41573671781362
1584,200.34139683657335
1585,200.26705462050268
1586,200.1927008702735
1587,200.11834473946183
1588,200.04397667407224
1589,199.96960648751173
1590,199.89522562355256
1591,199.82084262342102
1592,199.74644894183788
1593,199.67205318725476
1594,199.59764724447825
1595,199.5232392644906
1596,199.44882154361258
1597,199.374401815156
1598,199.29997283769086
1599,199.2255418721805
1600,199.15110216082527
1601,199.07666036872195
1602,199.0022099074797
1603,198.9277573816665
1604,198.8532967696754
1605,198.77883396700597
1606,198.7043631516711
1607,198.6298899141756
1608,198.55540845170012
1609,198.48092453312333
1610,198.40643291160387
1611,198.33193868942737
1612,198.25743696885726
1613,198.18293218184874
1614,198.1084193001224
1615,198.0339033196548
1616,197.95937987812982
1617,197.88485280276848
1618,197.81031777475263
1619,197.7357788688412
1620,197.6612322747539
1621,197.58668154260053
1622,197.5121234029244
1623,197.4375604464653
1624,197.36298973075927
1625,197.28841387813497
1626,197.21383060542834
1627,197.1392418747569
1628,197.06464610198768
1629,196.99004402699043
1630,196.91543472001962
1631,196.8408187069847
1632,196.76619588351124
1633,196.69156566288362
1634,196.6169288321687
1635,196.54228385995688
1636,196.4676325301833
1637,196.39297254010557
1638,196.31830668960941
1639,196.24363133872598
1640,196.1689504742164
1641,196.094259209906
1642,196.01956283700864
1643,195.94485546560745
1644,195.8701435992629
1645,195.79541970220654
1646,195.7206918084614
1647,195.6459508436642
1648,195.5712064637797
1649,195.49644830410872
1650,195.42168745166916
1651,195.3469115690443
1652,195.27213366920003
1653,195.1973394810273
1654,195.12254403424805
1655,195.04773200557608
1656,194.9729191229002
1657,194.89808920837908
1658,194.82325794548106
1659,194.7484104824234
1660,194.67356075730586
1661,194.5986957963377
1662,194.52382753124655
1663,194.44894453191554
1664,194.3740573554751
1665,194.29915684389388
1666,194.22425132748103
1667,194.14933386955545
1668,194.07441039681655
1669,193.99947592852791
1670,193.92453464820449
1671,193.84958369845546
1672,193.77462544327483
1673,193.69965909704158
1674,193.62468474622662
1675,193.5497034969627
1676,193.47471389629212
1677,193.39971875549915
1678,193.32471441671515
1679,193.2497054799358
1680,193.17468710865555
1681,193.09966531293682
1682,193.02463369642572
1683,192.94959965716194
1684,192.87455492554477
1685,192.79950862435163
1686,192.72445077559283
1687,192.64939204532854
1688,192.57432184015497
1689,192.49925057314078
1690,192.42416860984642
1691,192.34908471804582
1692,192.27399113514423
1693,192.19889458754483
1694,192.12378880805537
1695,192.04867911250895
1696,191.97356115720984
1697,191.8984385295786
1698,191.8233089405368
1699,191.74817349028024
1700,191.67303176757474
1701,191.5978832121382
1702,191.52272941597653
1703,191.44756773177414
1704,191.37240180473762
1705,191.29722696486104
1706,191.22204892798746
1707,191.14686054144175
1708,191.07166993198857
1709,190.99646784129226
1710,190.92126461761006
1711,190.84604940899305
1712,190.77083292661484
1713,190.69560407971375
1714,190.62037289797058
1715,190.5451315207231
1716,190.46988603114653
1717,190.39463000405263
1718,190.31936729527723
1719,190.2440935220603
1720,190.16881008303295
1721,190.09351590722224
1722,190.0182049128763
1723,189.94288135586245
1724,189.8675299150425
1725,189.79216489684623
1726,189.71676893012364
1727,189.64136392990224
1728,189.56592477173317
1729,189.49048082399295
1730,189.41500014907749
1731,189.339515693401
1732,189.26399895739945
1733,189.18847564874636
1734,189.1129251196706
1735,189.03736514395288
1736,188.96178345635113
1737,188.88618951174024
1738,188.8105781670467
1739,188.7349526665183
1740,188.65931434964733
1741,188.58366049516601
1742,188.5079978169607
1743,188.43231918188664
1744,188.35663528985728
1745,188.28093486997983
1746,188.205231936936
1747,188.12951283366016
1748,188.05379206076105
1749,187.97805897850424
1750,187.90232341043216
1751,187.8265792320242
1752,187.7508319778334
1753,187.67507889814866
1754,187.5993226600442
1755,187.52356283858612
1756,187.4477996468616
1757,187.37203414051947
1758,187.29626572288507
1759,187.22049616537296
1760,187.14472460049566
1761,187.068952669743
1762,186.99317950457387
1763,186.91740623039638
1764,186.84163229934308
1765,186.7658580877368
1766,186.6900829676327
1767,186.6143080163444
1768,186.53853335396278
1769,186.46275811263035
1770,186.3869822994842
1771,186.3112061449914
1772,186.2354297974883
1773,186.15965139903378
1774,186.08387240824206
1775,186.00809152554663
1776,185.9323102383981
1777,185.85652499526594
1778,185.78073872944003
1779,185.7049482605107
1780,185.6291552907545
1781,185.5533574327449
1782,185.4775558022534
1783,185.40175012732962
1784,185.32593781397253
1785,185.25012157108858
1786,185.17429590006523
1787,185.0984674939275
1788,185.02262591708845
1789,184.94678212635984
1790,184.8709241345456
1791,184.79506208121867
1792,184.7191859945681
1793,184.64330268213854
1794,184.5674074308463
1795,184.49150059162926
1796,184.415583518284
1797,184.33965107111314
1798,184.26371160003592
1799,184.1877509258651
1800,184.11178627329087
1801,184.03579601019874
1802,183.9598013441097
1803,183.88378372386504
1804,183.8077569595608
1805,183.7317109349116
1806,183.65565058551834
1807,183.57957498262417
1808,183.50347988218311
1809,183.4273741939177
1810,183.35124488877264
1811,183.27511016017047
1812,183.19894960829086
1813,183.12278527568782
1814,183.04660220777126
1815,182.97041373098466
1816,182.89421360732737
1817,182.8180075520487
1818,182.74179527043992
1819,182.66557392301678
1820,182.5893479058459
1821,182.51310950831007
1822,182.43686851712883
1823,182.36061332090188
1824,182.2843552932552
1825,182.20808477648785
1826,182.13180828384756
1827,182.05552128291396
1828,181.97922536286563
1829,181.90292189451617
1830,181.82660535548584
1831,181.7502837864831
1832,181.6739453701011
1833,181.59760358752638
1834,181.52124530950837
1835,181.44488166040892
1836,181.36850362865084
1837,181.29211704235956
1838,181.21572033005256
1839,181.13931088543688
1840,181.062894444128
1841,180.9864615556166
1842,180.91002488846053
1843,180.8335678348996
1844,180.7571061613297
1845,180.68062771170614
1846,180.60414006463827
1847,180.5276391209411
1848,180.45112489636264
1849,180.37460193598284
1850,180.2980596539762
1851,180.22151250942812
1852,180.14494128203305
1853,180.06836524023703
1854,179.99176965866377
1855,179.91516409079452
1856,179.83854318700776
1857,179.76190682131272
1858,179.68525995747825
1859,179.6085924422748
1860,179.53191964919827
1861,179.4552209165333
1862,179.37851669011357
1863,179.3017914912157
1864,179.22505529227945
1865,179.14830354369792
1866,179.07153524418473
1867,178.9947569051128
1868,178.91795651764878
1869,178.8411505601533
1870,178.76431964856968
1871,178.68748196792518
1872,178.61062451558428
1873,178.53375535284263
1874,178.45687291346272
1875,178.3799726872822
1876,178.3030642304187
1877,178.22613278771544
1878,178.14919591690534
1879,178.07223750774412
1880,177.99527106652386
1881,177.91828881225067
1882,177.84129295894965
1883,177.76428630374804
1884,177.6872614503317
1885,177.61023138630858
1886,177.53317919584097
1887,177.456121846017
1888,177.37904692209986
1889,177.30196243315424
1890,177.2248663895819
1891,177.14775563319085
1892,177.0706379598638
1893,176.99350115018356
1894,176.91635964352466
1895,176.83920091577122
1896,176.7620350115158
1897,176.68485690619355
1898,176.6076667804997
1899,176.53046874509377
1900,176.4532544716333
1901,176.3760356699039
1902,176.29879938340284
1903,176.2215574520381
1904,176.14430293471636
1905,176.0670381268696
1906,175.9897648263846
1907,175.91247712537373
1908,175.83518500479548
1909,175.75787466369536
1910,175.68055936866543
1911,175.60323072691997
1912,175.5258924323496
1913,175.448545024006
1914,175.37118377559005
1915,175.29381803033388
1916,175.2164330457568
1917,175.13904314818248
1918,175.0616387827928
1919,174.9842246839623
1920,174.90680095197118
1921,174.82936221625386
1922,174.75191845790243
1923,174.6744537014213
1924,174.59698365214413
1925,174.51949838007485
1926,174.44200232924612
1927,174.36449602528694
1928,174.28697258622472
1929,174.209443413616
1930,174.13189260649614
1931,174.0543353181096
1932,173.97676169974872
1933,173.89917533906586
1934,173.82157829891202
1935,173.7439624398791
1936,173.66634036024533
1937,173.58869534935272
1938,173.51104217611118
1939,173.43337256982903
1940,173.355688306583
1941,173.27799415630273
1942,173.20027823389478
1943,173.1225557098243
1944,173.0448123120934
1945,172.96705880814199
1946,172.88929021835762
1947,172.81150509582827
1948,172.73371189850843
1949,172.65589539565718
1950,172.57807203793996
1951,172.50022897603517
1952,172.42237346518283
1953,172.3445051000763
1954,172.2666178204313
1955,172.18872367903015
1956,172.11080539629177
1957,172.03287872731147
1958,171.95493457787583
1959,171.87697550350086
1960,171.7990066561271
1961,171.7210148673807
1962,171.64301585363532
1963,171.56499579176662
1964,171.48696427565827
1965,171.4089189064252
1966,171.3308552606904
1967,171.25278448442384
1968,171.17468842740112
1969,171.09658479330997
1970,171.01846452499734
1971,170.94032897128375
1972,170.8621833293892
1973,170.78401607502323
1974,170.70584163654914
1975,170.62764697789558
1976,170.54944128097844
1977,170.47122356835555
1978,170.3929879932788
1979,170.31474550246747
1980,170.2364804907438
1981,170.15820657566405
1982,170.07991731699784
1983,170.00161110120115
1984,169.923296381034
1985,169.84495479283163
1986,169.7666046516424
1987,169.68823367810347
1988,169.60984482717538
1989,169.53144251003167
1990,169.45301269984319
1991,169.37457297561158
1992,169.29610605188094
1993,169.21762322483028
1994,169.13912362615565
1995,169.0605985230538
1996,168.9820635520314
1997,168.9035003647027
1998,168.82492457549802
1999,168.74633102322753
2000,168.66771625391766
2001,168.58909238532215
2002,168.51044161333442
2003,168.4317810920469
2004,168.35310287703268
2005,168.27440660889928
2006,168.19570150195233
2007,168.11697162155122
2008,168.03823371442093
2009,167.95947836162128
2010,167.8807076699741
2011,167.80192787131557
2012,167.72312644925472
2013,167.64431751435444
2014,167.56549155056933
2015,167.48665241187967
2016,167.4078043242496
2017,167.3289363390452
2018,167.25006132218425
2019,167.17117012539853
2020,167.09226682671692
2021,167.0133545992122
2022,166.93442398494068
2023,166.8554866331583
2024,166.77653368000614
2025,166.69756916229343
2026,166.61859582172053
2027,166.5396041791708
2028,166.46060571824987
2029,166.38159164846942
2030,166.30256593869447
2031,166.22353147974252
2032,166.14447801652477
2033,166.0654173125757
2034,165.98634036188383
2035,165.90725110034361
2036,165.82815315474176
2037,165.74903463082842
2038,165.66990852567534
2039,165.59076626643795
2040,165.51160960700892
2041,165.43244388196413
2042,165.35325576179173
2043,165.27405917022529
2044,165.1948454789969
2045,165.11561530469424
2046,165.03637631810844
2047,164.95711213183583
2048,164.8778386349014
2049,164.79854799983863
2050,164.7192383319851
2051,164.63991907872872
2052,164.56057364543855
2053,164.4812165668723
2054,164.40184278115822
2055,164.32244684365568
2056,164.2430405041611
2057,164.16360819624018
2058,164.08416105293824
2059,164.0046979144719
2060,163.92520881803097
2061,163.84570846905612
2062,163.7661830088207
2063,163.6866394621248
2064,163.60708189869086
2065,163.52749567052922
2066,163.44789761435075
2067,163.36827630301582
2068,163.28863385369252
2069,163.20897960693344
2070,163.12929449072763
2071,163.04959671256807
2072,162.96987938420767
2073,162.89013740400034
2074,162.810383430986
2075,162.73060147504086
2076,162.65080317510257
2077,162.5709889505978
2078,162.49114619033026
2079,162.4112912839238
2080,162.3314122692484
2081,162.2515131961905
2082,162.1716021238252
2083,162.09165887628888
2084,162.01170304159515
2085,161.9317273658861
2086,161.85172720805568
2087,161.7717147012967
2088,161.69167401343688
2089,161.61161629762142
2090,161.53154364438592
2091,161.45144172909423
2092,161.37132731011044
2093,161.29119015101693
2094,161.21103139489284
2095,161.13086046769277
2096,161.05066050792314
2097,160.970446200022
2098,160.8902154603764
2099,160.8099583086568
2100,160.72968906391694
2101,160.64939661614176
2102,160.56908475251268
2103,160.48876095674677
2104,160.40840804923042
2105,160.32804203249069
2106,160.24765877203188
2107,160.16725091194016
2108,160.0868312204633
2109,160.00638855806554
2110,159.92592726542097
2111,159.84545407505283
2112,159.76495259617582
2113,159.68443859095123
2114,159.603907971139
2115,159.5233535512223
2116,159.4427874232834
2117,159.36219905845755
2118,159.28159230387087
2119,159.20097391986351
2120,159.12032845452146
2121,159.03966952435843
2122,158.9589947853755
2123,158.878295725209
2124,158.7975848021948
2125,158.716852837081
2126,158.6361014197897
2127,158.55533826766435
2128,158.47454899321642
2129,158.39374439067032
2130,158.3129257605977
2131,158.23207963352735
2132,158.15122146160604
2133,158.07034476348568
2134,157.98944487773016
2135,157.9085323901333
2136,157.82759568909873
2137,157.74664048347745
2138,157.6656725860252
2139,157.58467579023826
2140,157.50366475561492
2141,157.42263720434246
2142,157.3415818188698
2143,157.26051325188476
2144,157.179423610021
2145,157.09831062536315
2146,157.01718404250053
2147,156.9360308858578
2148,156.8548584242021
2149,156.77367211511702
2150,156.69245470261632
2151,156.6112217121828
2152,156.52997089393972
2153,156.44869109698365
2154,156.36739707256515
2155,156.28608125077142
2156,156.20473999018589
2157,156.12338404964214
2158,156.04200114248735
2159,155.96059517115742
2160,155.87917344740032
2161,155.7977182587922
2162,155.71624207256573
2163,155.63474741727248
2164,155.5532136916789
2165,155.47166051690178
2166,155.3900817980829
2167,155.30846436157734
2168,155.22682713405277
2169,155.14515956633366
2170,155.06345893236005
2171,154.9817391458206
2172,154.89998646922464
2173,154.81820537522157
2174,154.7364050481574
2175,154.65456827691727
2176,154.5727086185634
2177,154.4908305519811
2178,154.4089127540517
2179,154.32697656917512
2180,154.24502007589504
2181,154.16302760238443
2182,154.08101790255301
2183,153.99898539230793
2184,153.9169215813498
2185,153.83484100046033
2186,153.752735474482
2187,153.6706034506299
2188,153.5884553971271
2189,153.50628068329766
2190,153.42408327405283
2191,153.3418706649301
2192,153.2596305031479
2193,153.17737064738176
2194,153.09509622491169
2195,153.0127938278338
2196,152.9304743553476
2197,152.8481408682841
2198,152.76578006542368
2199,152.68340457080012
2200,152.60101520180476
2201,152.51859951462959
2202,152.4361712099225
2203,152.35372861208702
2204,152.27126159905785
2205,152.18878246918086
2206,152.1062885466531
2207,152.02377138663448
2208,151.94124223094963
2209,151.85869758095123
2210,151.77613130216622
2211,151.6935525802041
2212,151.61095659329402
2213,151.5283398247866
2214,151.44571075839633
2215,151.36306403427355
2216,151.28039620608567
2217,151.19771537393538
2218,151.1150152623966
2219,151.03229467283816
2220,150.9495606429644
2221,150.86680569657977
2222,150.78402985678406
2223,150.7012400483862
2224,150.61842831377564
2225,150.53559504809547
2226,150.4527470744489
2227,150.36987581391432
2228,150.28698230667746
2229,150.20407333935333
2230,150.12113980179342
2231,150.0381827236489
2232,149.9552093806912
2233,149.87221080153424
2234,149.78918766631216
2235,149.70614721799865
2236,149.6230795937991
2237,149.53998613358343
2238,149.45687453357854
2239,149.37373495744836
2240,149.2905676889348
2241,149.20738097076804
2242,149.1241646216683
2243,149.04091897982707
2244,148.95765323694425
2245,148.87435801201067
2246,148.79103099946434
2247,148.70768287905102
2248,148.62430520793802
2249,148.54089410176357
2250,148.45746118870986
2251,148.37399888708913
2252,148.29050180653363
2253,148.20698247972754
2254,148.1234345896499
2255,148.03984924643228
2256,147.956241553552
2257,147.8726073384057
2258,147.78893440070064
2259,147.70523844869712
2260,147.6215169421041
2261,147.53775404744525
2262,147.45396852042674
2263,147.37016022139744
2264,147.28630893168202
2265,147.20243450307234
2266,147.1185369523355
2267,147.03459910877103
2268,146.95063609475713
2269,146.86665018932138
2270,146.7826264150867
2271,146.69857514961168
2272,146.61450124246664
2273,146.5303927274995
2274,146.4462542284975
2275,146.3620933289542
2276,146.277901212017
2277,146.1936765332648
2278,146.10942994424852
2279,146.02515611231286
2280,145.94084707892526
2281,145.85651617833435
2282,145.77216115679883
2283,145.68776938693972
2284,145.60335610187394
2285,145.518921232637
2286,145.4344485834363
2287,145.34995460868933
2288,145.26544056109313
2289,145.18089522674612
2290,145.0963287594721
2291,145.01174557738966
2292,144.92713990307308
2293,144.8425141788267
2294,144.75787518528813
2295,144.6732208298884
2296,144.58854972935652
2297,144.5038689411264
2298,144.41917843247117
2299,144.33447248811967
2300,144.24975707776304
2301,144.1650320989701
2302,144.0802911818236
2303,143.99553778406306
2304,143.91077326353374
2305,143.82599213415205
2306,143.74119242225115
2307,143.65637901781312
2308,143.57154936155024
2309,143.48669493477746
2310,143.40182435061834
2311,143.31693731532795
2312,143.23201914957096
2313,143.14708151021222
2314,143.06212488567215
2315,142.97713853100808
2316,142.89212455799387
2317,142.8070888441042
2318,142.72202648282973
2319,142.6369273810258
2320,142.55180345729286
2321,142.46665438165857
2322,142.38146225505395
2323,142.2962409428727
2324,142.21099179016954
2325,142.12570288183548
2326,142.04037554574222
2327,141.9550180992476
2328,141.8696257971813
2329,141.78418358282468
2330,141.69870891175557
2331,141.61320147991069
2332,141.5276421811525
2333,141.4420439642942
2334,141.35641137669202
2335,141.27073445349535
2336,141.18500738731532
2337,141.0992444559985
2338,141.01344522527188
2339,140.92758590846867
2340,140.8416886776884
2341,140.75575476452067
2342,140.66977123776766
2343,140.58373766262565
2344,140.4976671343366
2345,140.41155896966205
2346,140.32538943789098
2347,140.23918285843888
2348,140.1529392444725
2349,140.06664522313753
2350,139.98030415710997
2351,139.8939268992646
2352,139.8075122921824
2353,139.72103906301453
2354,139.63453103908978
2355,139.54798817840071
2356,139.46139848449255
2357,139.3747646533004
2358,139.28809704846822
2359,139.20139558991488
2360,139.11464152067893
2361,139.0278552820459
2362,138.9410374778586
2363,138.85418021405138
2364,138.76728210984894
2365,138.6803540808393
2366,138.5933962284383
2367,138.5063951420977
2368,138.41936284243164
2369,138.33230298334897
2370,138.2452125349247
2371,138.15808328234274
2372,138.07092806688843
2373,137.9837472086179
2374,137.89653237627485
2375,137.8092869899765
2376,137.72201794345
2377,137.6347258269114
2378,137.54739651463413
2379,137.4600440427098
2380,137.37266904160245
2381,137.28526781424407
2382,137.19783555969437
2383,137.11038177500097
2384,137.02290648228993
2385,136.9354019103111
2386,136.8478719091643
2387,136.76032062996924
2388,136.67274776012542
2389,136.58514334367175
2390,136.49751631751806
2391,136.40986797706069
2392,136.32219643079048
2393,136.23449376048896
2394,136.1467688635225
2395,136.05902189379702
2396,135.9712487330281
2397,135.88344464260476
2398,135.79561790453388
2399,135.70776835720562
2400,135.61988740707116
2401,135.5319770043278
2402,135.44404213083277
2403,135.35608256156715
2404,135.26808779424772
2405,135.18006362692736
2406,135.0920129055169
2407,135.00393535870955
2408,134.91581673392122
2409,134.8276692596753
2410,134.7394933522356
2411,134.65128746798314
2412,134.56303747977563
2413,134.47475691820176
2414,134.38644529530154
2415,134.2980993396997
2416,134.2097077775091
2417,134.1212835260224
2418,134.0328260297321
2419,133.94433050074105
2420,133.85578756951105
2421,133.76720922383026
2422,133.67859522290615
2423,133.58994054357868
2424,133.50123620923588
2425,133.41249462668912
2426,133.3237155640755
2427,133.23489358242256
2428,133.14601913575405
2429,133.0571059413389
2430,132.9681537027742
2431,132.87915688789488
2432,132.790105575892
2433,132.70101409925834
2434,132.61188234469788
2435,132.52270619037714
2436,132.43347345546164
2437,132.34420007745538
2438,132.25488559604995
2439,132.16552707363337
2440,132.07610984901956
2441,131.98665160612947
2442,131.89715230399418
2443,131.8076118806692
2444,131.71801113257945
2445,131.62836827207158
2446,131.53868260093878
2447,131.4489533636171
2448,131.35916442219784
2449,131.2693264839846
2450,131.17944168948807
2451,131.0895086670477
2452,130.99951088009556
2453,130.9094527148395
2454,130.819343824172
2455,130.7291853814926
2456,130.63897149673573
2457,130.54869733675653
2458,130.45837647811945
2459,130.36800917582266
2460,130.2775935040389
2461,130.18711649344857
2462,130.0965962122031
2463,130.00603287256675
2464,129.91542676504207
2465,129.82476541887874
2466,129.7340605824326
2467,129.64331649257485
2468,129.55253367326335
2469,129.46170635943696
2470,129.37083298647593
2471,129.27992389886379
2472,129.18897976292362
2473,129.09800112999173
2474,129.00697610322754
2475,128.91591867659
2476,128.8248294138461
2477,128.73370888486636
2478,128.64255126987808
2479,128.55135827535082
2480,128.46013619843737
2481,128.36888520114948
2482,128.27760485293692
2483,128.18628586158596
2484,128.0949383860448
2485,128.0035630117155
2486,127.91216012753848
2487,127.8207247097264
2488,127.72925526970897
2489,127.63775857636236
2490,127.54623476471494
2491,127.45468369901097
2492,127.36309578692308
2493,127.2714796926025
2494,127.17983566826247
2495,127.088163626444
2496,126.99646293781912
2497,126.90472489096916
2498,126.8129586981684
2499,126.72116399669932
2500,126.62934035139318
2501,126.5374824886341
2502,126.44558927051243
2503,126.3536654854415
2504,126.26171064965753
2505,126.16972437214476
2506,126.0776985237464
2507,125.98563597545791
2508,125.89353973682083
2509,125.80140946621152
2510,125.7092449289394
2511,125.61703372709562
2512,125.52478403196659
2513,125.4324969202548
2514,125.34017181267237
2515,125.24780858870223
2516,125.15539367732542
2517,125.06293637799475
2518,124.97043839357949
2519,124.87789868921017
2520,124.7853156405565
2521,124.69267758702355
2522,124.59999283478314
2523,124.50726328336316
2524,124.41448808628441
2525,124.32166594655371
2526,124.22878495560425
2527,124.13585303505991
2528,124.04287239916026
2529,123.94984260603604
2530,123.85676342220485
2531,123.76362425097734
2532,123.67042780783206
2533,123.57718037261586
2534,123.48388103472826
2535,123.39052892257233
2536,123.29711859180388
2537,123.2036444587275
2538,123.1101162822207
2539,123.01653394425637
2540,122.92289730098776
2541,122.82920512925702
2542,122.73544646171591
2543,122.64163558720055
2544,122.54777365914015
2545,122.45386165017958
2546,122.35990068841902
2547,122.26588637561903
2548,122.1718235054278
2549,122.07771921517002
2550,121.9835739788784
2551,121.8893878416312
2552,121.79516000159128
2553,121.70088150743125
2554,121.60656107596145
2555,121.51219859190394
2556,121.41779341273481
2557,121.32334457943435
2558,121.2288459568607
2559,121.13429654750234
2560,121.03970263384133
2561,120.94506368468046
2562,120.85037958242428
2563,120.75565060708642
2564,120.66086698693668
2565,120.56603481390164
2566,120.47115588942408
2567,120.37622979045275
2568,120.28125639970312
2569,120.18623546818607
2570,120.09115652221958
2571,119.99602553240497
2572,119.90084481691346
2573,119.80561384581557
2574,119.71033216251936
2575,119.6149996300801
2576,119.5196056883544
2577,119.42415654994761
2578,119.32865544645662
2579,119.23310158432176
2580,119.1374942517753
2581,119.04183326777806
2582,118.9461101867694
2583,118.85032821107704
2584,118.75449046339101
2585,118.65859734887309
2586,118.56264872283062
2587,118.46664366677109
2588,118.37057879429267
2589,118.27444750870136
2590,118.17825868800362
2591,118.08201213113779
2592,117.98570770453249
2593,117.88934525563535
2594,117.79292452934747
2595,117.696435625737
2596,117.5998838574676
2597,117.50327343712105
2598,117.40660376115798
2599,117.30987440974603
2600,117.21308531356118
2601,117.11623624718584
2602,117.01931561608907
2603,116.92233462252278
2604,116.82529376137713
2605,116.72819305611739
2606,116.63103205307272
2607,116.53381037519284
2608,116.43652890997049
2609,116.33917440198918
2610,116.2417614073256
2611,116.14428867040455
2612,116.0467561799581
2613,115.94916401637849
2614,115.85151166909701
2615,115.75379786262774
2616,115.65601065050537
2617,115.55815647891504
2618,115.46023495020953
2619,115.36224404868547
2620,115.26418142775132
2621,115.16604442808641
2622,115.06783078527616
2623,114.96953628954186
2624,114.87115518915817
2625,114.77269617148481
2626,114.67416121047151
2627,114.57554989231252
2628,114.4768623817922
2629,114.37810031514515
2630,114.27926506874871
2631,114.18035015548122
2632,114.08135837358074
2633,113.98229589000874
2634,113.88316370014296
2635,113.78396328978208
2636,113.68469540389984
2637,113.58536073237472
2638,113.48596118933163
2639,113.38649459859347
2640,113.28695749863495
2641,113.18735888938598
2642,113.0876987029364
2643,112.9879787524571
2644,112.8882003095462
2645,112.78836392185245
2646,112.68847029197255
2647,112.58852051876248
2648,112.48851109975527
2649,112.38844462255761
2650,112.28832395689206
2651,112.18815017256173
2652,112.08792391695222
2653,111.98764576014187
2654,111.88731662316295
2655,111.7869371704557
2656,111.68650679199209
2657,111.5860262273174
2658,111.48549088622606
2659,111.3849065259453
2660,111.28427376036177
2661,111.18359201557317
2662,111.08286184833435
2663,110.98208307735612
2664,110.88125502877621
2665,110.7803781412207
2666,110.6794521992606
2667,110.57847508594803
2668,110.47744328329482
2669,110.37636072235613
2670,110.27522709366711
2671,110.17404113454492
2672,110.07280230588151
2673,109.97151006950364
2674,109.8701635753146
2675,109.76876216757638
2676,109.66730523949792
2677,109.56579067920775
2678,109.4642167726195
2679,109.3625786730161
2680,109.26088176226887
2681,109.15912292941528
2682,109.05730230427962
2683,108.9554187084952
2684,108.85347100470369
2685,108.75145787900533
2686,108.64937821167723
2687,108.54723143946565
2688,108.44501598299185
2689,108.34273078646561
2690,108.24037409657532
2691,108.13793845392615
2692,108.03542932094217
2693,107.9328457072798
2694,107.83018589357057
2695,107.72744947483389
2696,107.62463502519712
2697,107.52174120848098
2698,107.41876786795167
2699,107.3157138281303
2700,107.21257741277299
2701,107.109359312485
2702,107.00605832123775
2703,106.90267274510397
2704,106.79920232116805
2705,106.69564275985303
2706,106.59199504608203
2707,106.48826089726572
2708,106.3844393410926
2709,106.2805307270722
2710,106.17653429229767
2711,106.07244953631627
2712,105.96827575378161
2713,105.86401277830676
2714,105.7596610801876
2715,105.65522016474459
2716,105.55068911918265
2717,105.44606817130759
2718,105.34135728239322
2719,105.2365567298627
2720,105.13166567982556
2721,105.0266854920975
2722,104.92161585717639
2723,104.81645342626243
2724,104.71119969735422
2725,104.60585660526792
2726,104.50042497342608
2727,104.39490443982618
2728,104.28929554095694
2729,104.18359816764851
2730,104.07781347336734
2731,103.97194097404498
2732,103.86598135427789
2733,103.75993501025563
2734,103.65380225448062
2735,103.54758369475013
2736,103.44127995754721
2737,103.33489085878368
2738,103.22841646255863
2739,103.12185795833953
2740,103.01521558668178
2741,102.90848948780952
2742,102.8016801393347
2743,102.69478737136241
2744,102.58781201035704
2745,102.48075454419352
2746,102.37361478810556
2747,102.26639346436966
2748,102.15909030529586
2749,102.05170603213227
2750,101.94424040981414
2751,101.83669421082439
2752,101.72906700340774
2753,101.62135880866958
2754,101.51356919994282
2755,101.40569905751312
2756,101.2977480169098
2757,101.18971508235221
2758,101.08160083732638
2759,100.97340616733068
2760,100.86512890733704
2761,100.75677064365084
2762,100.64833033731394
2763,100.53980674644859
2764,100.4312015155735
2765,100.32251357006376
2766,100.21374257693682
2767,100.10488836541849
2768,99.99594964672974
2769,99.88692718783747
2770,99.77781977982696
2771,99.66862716088804
2772,99.55934916173847
2773,99.44998447002543
2774,99.34053282501047
2775,99.23099310131435
2776,99.12136388918466
2777,99.01164590635418
2778,98.90183793545478
2779,98.79193776579466
2780,98.68194558744821
2781,98.57185973974188
2782,98.46168055058685
2783,98.35140586541937
2784,98.24103612642323
2785,98.13056937634882
2786,98.0200061314348
2787,97.90934504432978
2788,97.79858559679543
2789,97.68772568302646
2790,97.57676506559112
2791,97.46570340869131
2792,97.35453988199176
2793,97.2432728029558
2794,97.13190233837295
2795,97.0204274703801
2796,96.90884711988333
2797,96.79716037362701
2798,96.68536737717824
2799,96.57346642729449
2800,96.46145727317577
2801,96.34933901867811
2802,96.23711134704689
2803,96.12477326681888
2804,96.01232406475516
2805,95.89976311991275
2806,95.78709045729511
2807,95.67430525333992
2808,95.56140608603782
2809,95.44839312244592
2810,95.33526626962853
2811,95.22202515943432
2812,95.10866535104921
2813,94.99518702098786
2814,94.88159310675194
2815,94.76788240842501
2816,94.65405512547845
2817,94.5401104272193
2818,94.42604841490567
2819,94.31186826393882
2820,94.19757032342274
2821,94.08315480609514
2822,93.96862067365785
2823,93.85396789990264
2824,93.73919622043113
2825,93.62430559213598
2826,93.50929603351803
2827,93.39416810858071
2828,93.27891902683025
2829,93.16354489913486
2830,93.04805143818419
2831,92.93243826746875
2832,92.81670599084666
2833,92.70085463264623
2834,92.58488410376111
2835,92.46879383931137
2836,92.35258417504913
2837,92.23625530741157
2838,92.1198065467953
2839,92.00323897309144
2840,91.88655175685952
2841,91.76973961267639
2842,91.65280480699006
2843,91.53575138095134
2844,91.4185796214946
2845,91.30128831699608
2846,91.18387766706911
2847,91.06634854097317
2848,90.94870027126701
2849,90.83093303384868
2850,90.71304669132795
2851,90.59503758252343
2852,90.47690287255718
2853,90.35864869589392
2854,90.24027412424577
2855,90.12178005459316
2856,90.00316638429277
2857,89.88443271147747
2858,89.76557920983285
2859,89.64660544555048
2860,89.52750744355978
2861,89.40828035928672
2862,89.28893082660495
2863,89.16945895243677
2864,89.04986396416643
2865,88.93014570432776
2866,88.81030302134683
2867,88.69033463101734
2868,88.57024082310531
2869,88.45000842703122
2870,88.32964883863481
2871,88.20916140260614
2872,88.0885443286402
2873,87.96779716284225
2874,87.84691922160282
2875,87.72590948134241
2876,87.60475753941631
2877,87.4834663904349
2878,87.36204087483459
2879,87.24047925191361
2880,87.11878186214697
2881,86.99694652120286
2882,86.87497297763932
2883,86.75284766231513
2884,86.63057769314652
2885,86.508166764275
2886,86.38561384129963
2887,86.26291776337658
2888,86.14007698546116
2889,86.0170843718962
2890,85.8939350018226
2891,85.77063802348887
2892,85.64719326261617
2893,85.52359930880208
2894,85.39985575569476
2895,85.27595380519273
2896,85.15188775171013
2897,85.02766975482538
2898,84.90329790778651
2899,84.7787716546273
2900,84.65409008667393
2901,84.52923704170843
2902,84.40422150260943
2903,84.27904808742038
2904,84.15371513631327
2905,84.0282225448263
2906,83.90255818899091
2907,83.77671939331364
2908,83.65071607432911
2909,83.52454800706715
2910,83.39821475398777
2911,83.27170903594583
2912,83.14501912868398
2913,83.01816157159237
2914,82.8911366002405
2915,82.76394277505958
2916,82.63656863219809
2917,82.50901153841117
2918,82.38128373474066
2919,82.253385941962
2920,82.12531679555757
2921,81.99705852478115
2922,81.86862131610837
2923,81.7400128027936
2924,81.61123169494084
2925,81.4822727604199
2926,81.35311998085461
2927,81.22379472242325
2928,81.09429608340236
2929,80.9646233504524
2930,80.83475221191317
2931,80.70470375588044
2932,80.57448120942196
2933,80.44408373757919
2934,80.31348973551533
2935,80.18271302773061
2936,80.05176012423628
2937,79.92063126310603
2938,79.78930517670423
2939,79.65779323143076
2940,79.52610369152953
2941,79.39423635102953
2942,79.26216748081949
2943,79.12991273094258
2944,78.99747908355914
2945,78.86486622430166
2946,78.73204118892387
2947,78.59903570173896
2948,78.46584836056773
2949,78.33246936785473
2950,78.19888604734923
2951,78.06511925548631
2952,77.93116837669284
2953,77.79700867033104
2954,77.66265497139682
2955,77.52811482296931
2956,77.39337796280263
2957,77.25842882047665
2958,77.12329040973074
2959,76.98796212130988
2960,76.85241235138317
2961,76.71666672735711
2962,76.58072790066772
2963,76.444574745234
2964,76.30821110039159
2965,76.17165191745995
2966,76.03488203971851
2967,75.89788910730945
2968,75.7606982484245
2969,75.62329775572086
2970,75.48566450869959
2971,75.34782899339267
2972,75.20978335488385
2973,75.07149797474788
2974,74.93300597856853
2975,74.79430026241012
2976,74.65534848371531
2977,74.51618717446092
2978,74.37680537329398
2979,74.23717468531808
2980,74.09733007154276
2981,73.95725513150879
2982,73.81693210210558
2983,73.67639100978697
2984,73.53560575313492
2985,73.39457545555473
2986,73.25332308231451
2987,73.1118110172585
2988,72.97006033914593
2989,72.82807978943227
2990,72.68582443783109
2991,72.54333889398399
2992,72.40060208320676
2993,72.25760099713122
2994,72.11436556287782
2995,71.97085353053622
2996,71.82709348638991
2997,71.68308258146081
2998,71.53878972426094
2999,71.39425493019559
3000,71.24943845987917
3001,71.1043617508158
3002,70.95902487864227
3003,70.81339782820609
3004,70.66752191262206
3005,70.52134915235679
3006,70.37491329887104
3007,70.22819981138936
3008,70.08119723650388
3009,69.93393452414283
3010,69.78635854517864
3011,69.63852452920139
3012,69.4903831318353
3013,69.34196721910803
3014,69.19325693088672
3015,69.04425160412556
3016,68.89496443034513
3017,68.74536378004274
3018,68.59549134099231
3019,68.44529020619423
3020,68.29481781591217
3021,68.14401577218959
3022,67.99293344177055
3023,67.84152675721765
3024,67.68982864600244
3025,67.53780971820696
3026,67.38548972028704
3027,67.23285015979668
3028,67.07990059822346
3029,66.92663260805386
3030,66.77304844045709
3031,66.61914363601144
3032,66.46491802161623
3033,66.31036622799213
3034,66.15549143416
3035,66.0002849164853
3036,65.84475331701688
3037,65.68888100582751
3038,65.53268557105973
3039,65.37613844735769
3040,65.2192723048755
3041,65.06204326588232
3042,64.90450232807116
3043,64.7465862550599
3044,64.58835817846212
3045,64.42976407631289
3046,64.27084648484697
3047,64.11157841912384
3048,63.9519713350628
3049,63.79202870125583
3050,63.63172822524671
3051,63.47110888339158
3052,63.31010964951112
3053,63.14878357765304
3054,62.987091941557914
3055,62.825043523349386
3056,62.66264681744624
3057,62.49985733700353
3058,62.33672108956075
3059,62.17319482736342
3060,62.00929392985151
3061,61.84502690388011
3062,61.6803426731346
3063,61.515288835534115
3064,61.349836282221275
3065,61.18397250897015
3066,61.017724696688624
3067,60.85104843925214
3068,60.68396263789553
3069,60.516476922240884
3070,60.348539479663266
3071,60.180185436046514
3072,60.011416311898344
3073,59.84217716229828
3074,59.6725085032032
3075,59.502408379158325
3076,59.33182701165874
3077,59.16079614496744
3078,58.98931685274803
3079,58.8173517564212
3080,58.64490977408117
3081,58.47200247168261
3082,58.298612000471394
3083,58.12470903181673
3084,57.95032367543942
3085,57.775450041237086
3086,57.600053023241784
3087,57.42413977350211
3088,57.247721291142874
3089,57.07079029368857
3090,56.89330979334284
3091,56.71529580114028
3092,56.53675284281891
3093,56.35767434286009
3094,56.178034746548654
3095,55.99782940477975
3096,55.817071400191324
3097,55.63575370738807
3098,55.45387239538993
3099,55.27139475465981
3100,55.08833171523971
3101,54.90468567666166
3102,54.72045233568547
3103,54.535623980572524
3104,54.35019211424617
3105,54.164129320534435
3106,53.97745340256205
3107,53.79016004533623
3108,53.60224209158302
3109,53.41369512107509
3110,53.224510293140206
3111,53.03468277147426
3112,52.84419040124077
3113,52.653038747213564
3114,52.461226884424136
3115,52.268747243072035
3116,52.075593844911516
3117,51.881758942140976
3118,51.687237360337335
3119,51.492021968819806
3120,51.296105160187984
3121,51.0994797531416
3122,50.90213963032769
3123,50.7040760144169
3124,50.505283311901486
3125,50.305751859793794
3126,50.1054757895331
3127,49.9044466152715
3128,49.702655358157386
3129,49.500095591042246
3130,49.29675647374873
3131,49.09263231014075
3132,48.88771228510382
3133,48.68198851510375
3134,48.475450521851236
3135,48.26809071082226
3136,48.059898464394315
3137,47.85086427147927
3138,47.64097782268442
3139,47.43022865474852
3140,47.218606854348664
3141,47.00609990386171
3142,46.79267315721375
3143,46.5783379423856
3144,46.363082054991814
3145,46.14689509988732
3146,45.92976324927486
3147,45.71167510824983
3148,45.49258966878
3149,45.27250788702447
3150,45.051427363077885
3151,44.829335219350625
3152,44.606213153078784
3153,44.38200173956346
3154,44.15673335652903
3155,43.93039094292281
3156,43.702945080813905
3157,43.47434805621294
3158,43.244627407056484
3159,43.013768768000936
3160,42.78168129321285
3161,42.548417069452945
3162,42.313952389321216
3163,42.07820010592376
3164,41.84121372742189
3165,41.60293569584182
3166,41.36333284054954
3167,41.12243241801141
3168,40.88012048572123
3169,40.63646899220688
3170,40.391371459052785
3171,40.144866984982656
3172,39.89687123157467
3173,39.64740898833786
3174,39.39639517172636
3175,39.1438660510231
3176,38.88970510132239
3177,38.63397268157345
3178,38.37655352677427
3179,38.11746709471147
3180,37.856680095779154
3181,37.59409627793364
3182,37.32974801785537
3183,37.06357920927357
3184,36.79549817475494
3185,36.525525746011716
3186,36.25361357033515
3187,35.97968782323672
3188,35.703695541429795
3189,35.42562130571937
3190,35.14541083479891
3191,34.86301186717713
3192,34.57836629627395
3193,34.29140851427725
3194,34.0020757750752
3195,33.71032459441343
3196,33.41609124270758
3197,33.119309833136256
3198,32.81991226482349
3199,32.51782748357215
3200,32.21297730555646
3201,31.905263096209943
3202,31.59462484910733
3203,31.28098259504833
3204,30.96425146232084
3205,30.644343685732363
3206,30.321100459026603
3207,29.994462124504928
3208,29.66434875365128
3209,29.33057232719622
3210,28.99305849163296
3211,28.651679080676857
3212,28.306256551057178
3213,27.95668841824229
3214,27.602801277325007
3215,27.24439960655521
3216,26.881371567427404
3217,26.51348639276967
3218,26.140510186899434
3219,25.76227761470882
3220,25.378547473939125
3221,24.989064776739397
3222,24.593556357682246
3223,24.1917339504803
3224,23.783289220513723
3225,23.367892146228428
3226,22.945063147453098
3227,22.514518057126836
3228,22.07576748151423
3229,21.628298594626763
3230,21.171560925109443
3231,20.704995738330833
3232,20.227893810977587
3233,19.739479742358707
3234,19.238895024388018
3235,18.725197774213655
3236,18.197342592556854
3237,17.6539048117721
3238,17.093575896784618
3239,16.514572531105845
3240,15.914852618753834
3241,15.292065813135155
3242,14.643193646073643
3243,13.964706458228283
3244,13.252088901390428
3245,12.499430870621548
3246,11.699206316616674
3247,10.840783752554799
3248,9.90924531760642
3249,8.881806302174851
3250,7.720084999387546
3251,6.351790785815556
3252,4.594367988623268
3253,1.4148330732395
