    0.0,
    8.901212924494526,
    14.444299951614912,
    19.071983523122856,
    23.160449344627892,
    26.859666078337565,
    30.25707679132409,
    33.41518636290351,
    36.37890747414964,
    39.19420260216068,
    41.88454342651608,
    44.46647998133416,
    46.95188425300185,
    49.351750064483376,
    51.673948409182536,
    53.925370932457554,
    56.111947099895545,
    58.23628483150928,
    60.302118987724164,
    62.31634266942324,
    64.27899547032003,
    66.19429652883532,
    68.06548313706934,
    69.89452919727614,
    71.68380950088533,
    73.43767354294111,
    75.15142946393478,
    76.83315714086822,
    78.48420736710506,
    80.10158939841277,
    81.69106472895167,
    83.2542092278818,
    84.79201187685213,
    86.30455923361075,
    87.79154533606679,
    89.25591829772797,
    90.6985714096417,
    92.12058183420534,
    93.52308712633769,
    94.90725376565862,
    96.27405474811975,
    97.6241553048552,
    98.95810078934704,
    100.2764559584987,
    101.57979091229934,
    102.86861624074164,
    104.14331595955349,
    105.40421939925837,
    106.65165457264278,
    107.88595758930347,
    109.10750570988354,
    110.31674189680542,
    111.5141326598255,
    112.70010803473563,
    113.8750634546544,
    115.03817678044695,
    116.19043821720604,
    117.33280564759447,
    118.46566850400454,
    119.58940035722202,
    120.7043509567111,
    121.81058258851274,
    122.90658750192517,
    123.99463743615374,
    125.07496298419936,
    126.14777872393988,
    127.21323138145513,
    128.2689430850407,
    129.3177196846875,
    130.35976857956894,
    131.39529237190143,
    132.42266202784634,
    133.442840621394,
    134.45709701815133,
    135.46560368422726,
    136.4664248374881,
    137.46071496671823,
    138.44965600923211,
    139.43336106570948,
    140.40874563815717,
    141.37921951436587,
    142.34492239620866,
    143.3040235411974,
    144.25716806577074,
    145.20592616348787,
    146.1492850689899,
    147.0860618507342,
    148.01878038835548,
    148.94679377820336,
    149.8679663583134,
    150.7853168655679,
    151.69812463487122,
    152.6040716271084,
    153.5063192528133,
    154.4036180361187,
    155.29444688061665,
    156.18179222982326,
    157.0635111908108,
    157.9397298292335,
    158.8126887478292,
    159.67887333016503,
    160.54087213756276,
    161.39923402588016,
    162.25028443277782,
    163.09831491015026,
    163.9407912309654,
    164.77778808511496,
    165.61191264633482,
    166.4378314223826,
    167.26069859864603,
    168.07810956057332,
    168.88973648637366,
    169.6986683466829,
    170.4991098410803,
    171.29698755430826,
    172.0886995389929,
    172.87547692008403,
    173.65854032371692,
    174.4343530367637,
    175.20796133153743,
    175.9737660011558,
    176.7366999556993,
    177.49398137756705,
    178.24651169052376,
    178.9953882501884,
    179.7377905455234,
    180.47837061672547,
    181.21090448987886,
    181.94191307836653,
    182.66621665843599,
    183.3877815038741,
    184.10416391965566,
    184.8166019450822,
    185.52521614289648,
    186.22877028538377,
    186.92967838489764,
    187.62452593018827,
    188.31778574514226,
    189.00412152970713,
    189.68962969942925,
    190.36786766460975,
    191.04521490424244,
    191.7161342035575,
    192.38555992023362,
    193.0492160549636,
    193.7108556202556,
    194.36722496024092,
    195.02116722517724,
    195.6702931650509,
    196.31669570061138,
    196.95866775814753,
    197.59771801764413,
    198.23262656924513,
    198.8644985536325,
    199.4924105033117,
    200.11721589198999,
    200.73809667109586,
    201.35589122663853,
    201.96971245553925,
    202.58055520657882,
    203.18728649272526,
    203.7911912913633,
    204.3906877881466,
    204.9876516127758,
    205.57989085737316,
    206.17000960041605,
    206.7550628234183,
    207.3384569797158,
    207.91626736251794,
    208.49296725070957,
    209.0634229749172,
    209.6334225997826,
    210.1963958884265,
    210.75936917707045,
    211.31507141513393,
    211.87046311906934,
    212.41955204533744,
    212.96748784080134,
    213.5101670572435,
    214.05080149076764,
    214.58713004378592,
    215.12037813931678,
    215.65030680715716,
    216.17591442675507,
    216.69938436533727,
    217.2172058301296,
    217.73423810517633,
    218.244423259814,
    218.75460841445167,
    219.25793141093527,
    219.76066543261416,
    220.25804294024076,
    220.75341388394767,
    221.24491212727287,
    221.7328788281108,
    222.21855608564573,
    222.6990829345922,
    223.1790006758078,
    223.65206863652142,
    224.12513659723504,
    224.59190330878513,
    225.0575137992298,
    225.5186824846195,
    225.97686187708885,
    226.4325299365236,
    226.88332524886792,
    227.3335914264351,
    227.7770566824383,
    228.2205219384415,
    228.658268124823,
    229.09453152009945,
    229.52728915248755,
    229.95662402568186,
    230.38455153129144,
    230.8071184896579,
    231.2296854480244,
    231.6461754662296,
    232.06199098151365,
    232.4737674648113,
    232.88264959093868,
    233.28975839754932,
    233.6916979005319,
    234.09363740351446,
    234.4894996325801,
    234.8848251139498,
    235.27651700197313,
    235.6655004364051,
    236.05314911863007,
    236.43600452368338,
    236.81885992873669,
    237.1966395630792,
    237.57354851125996,
    237.9476827008152,
    238.31881508986478,
    238.68939675580376,
    239.05492239391774,
    239.4204480320317,
    239.78213456551063,
    240.14223246503818,
    240.50069901078277,
    240.85549529812815,
    241.21029158547353,
    241.56049865561909,
    241.91019305205253,
    242.25750805210512,
    242.6022743254681,
    242.94675421841578,
    243.28655911803418,
    243.62636401765258,
    243.96304830771595,
    244.29785469769644,
    244.63175708155933,
    244.96161470452122,
    245.2914723274831,
    245.61782183024886,
    245.94289288979078,
    246.2666804404494,
    246.58708609505328,
    246.9074917496572,
    247.22401563951848,
    247.53962525579792,
    247.85352704003904,
    248.16405037146347,
    248.4745737028879,
    248.78065511652036,
    249.08597968973368,
    249.3894278460433,
    249.6896173473277,
    249.98980684861206,
    250.28561030155439,
    250.58075174746725,
    250.87405612399192,
    251.16416261325477,
    251.45426910251766,
    251.74006100132218,
    252.02511249491022,
    252.30846734716877,
    252.58845369545918,
    252.86844004374962,
    253.1443580836835,
    253.41931731707382,
    253.6929014021627,
    253.96288835689882,
    254.23287531163493,
    254.49923922515583,
    254.7643098752403,
    255.02845466677243,
    255.2886657026814,
    255.54887673859042,
    255.80604364300254,
    256.06147882901973,
    256.3165473950318,
    256.5672636302687,
    256.8179798655056,
    257.066315297007,
    257.31237693398685,
    257.5584385709667,
    257.8001990224495,
    258.041679647393,
    258.28151305513705,
    258.51841882651627,
    258.75532459789554,
    258.9886725296895,
    259.2209877002441,
    259.4524631541998,
    259.68021271216355,
    259.90796227012726,
    260.1330563788356,
    260.35628101687865,
    260.5795056549217,
    260.79827346600615,
    261.01696842167934,
    261.23393639729943,
    261.44802880980995,
    261.6621212223205,
    261.87254902897,
    262.08182516840066,
    262.29039376752434,
    262.4946517838249,
    262.6989098001255,
    262.90055628917804,
    263.09975016375,
    263.29894403832196,
    263.4935438327698,
    263.68754713728816,
    263.880228402825,
    264.0689286391897,
    264.2576288755544,
    264.4431291586765,
    264.6265703189058,
    264.810011479135,
    264.9883846184918,
    265.16656145107055,
    265.3430235100759,
    265.51570724893503,
    265.68839098779415,
    265.8572154069294,
    266.0240247584858,
    266.1908341100422,
    266.3517806933379,
    266.51271120977725,
    266.67172165021327,
    266.82688959904027,
    266.98205754786727,
    267.13345571638445,
    267.28295409795874,
    267.43245247953297,
    267.5762059221073,
    267.7199163311055,
    267.861734239189,
    267.99946128803896,
    268.137188336889,
    268.27105786790315,
    268.4027220584673,
    268.5343862490314,
    268.66053920614337,
    268.78641793831287,
    268.9108224230035,
    269.0311482457375,
    269.1514740684715,
    269.2686491457259,
    269.3834960876267,
    269.4983430295276,
    269.60822856431645,
    269.71744704800926,
    269.82561543288045,
    269.92915408391445,
    270.03269273494845,
    270.13351214876906,
    270.2314488261739,
    270.32938550357875,
    270.42305999091013,
    270.5155547316829,
    270.6076302668677,
    270.6947808605256,
    270.78193145418345,
    270.8671329182868,
    270.94903323233126,
    271.0309335463757,
    271.10944995214186,
    271.1862367220622,
    271.26302349198255,
    271.33509734085334,
    271.40692374171357,
    271.4776483171944,
    271.54481506855876,
    271.61198181992313,
    271.67684533394055,
    271.7395906138209,
    271.80233589370124,
    271.8617394206847,
    271.92032631056475,
    271.9785883853776,
    272.03333875599054,
    272.0880891266035,
    272.14155096067725,
    272.19276305795364,
    272.24397515523003,
    272.2930977658327,
    272.34105640694395,
    272.3890150480552,
    272.434371932049,
    272.4794993511623,
    272.5241337440407,
    272.5667250199703,
    272.60931629589993,
    272.6507980113929,
    272.6910217401841,
    272.73124546897526,
    272.76987085436343,
    272.80793984556635,
    272.84598198749194,
    272.88211086182577,
    272.9182397361596,
    272.95386762113094,
    272.988237934628,
    273.02260824812504,
    273.05604323017667,
    273.08872817676246,
    273.12141312334825,
    273.1528826876045,
    273.1840929115639,
    273.2151763392235,
    273.24501493232475,
    273.274853525426,
    273.30419929394156,
    273.3326685761217,
    273.36113785830184,
    273.3887959578895,
    273.4159706103884,
    273.4431452628873,
    273.46917552631254,
    273.4950679257337,
    273.5207606801914,
    273.54538681910236,
    273.5700129580133,
    273.59411202197236,
    273.61748963260624,
    273.6408672432401,
    273.66334787124026,
    273.6854179117659,
    273.7074879522915,
    273.72820983665315,
    273.74885957686007,
    273.76918441856947,
    273.78830041774546,
    273.8074164169215,
    273.8257749905573,
    273.84329276907033,
    273.86081054758336,
    273.877111024356,
    273.89297373592086,
    273.9088364474857,
    273.92298680971754,
    273.93713137147563,
    273.950815846511,
    273.9631725389194,
    273.9755292313278,
    273.9869418125161,
    273.9974748014652,
    274.00800779041435,
    274.0171191943065,
    274.0258243093553,
    274.0344592590474,
    274.0412931981229,
    274.0481271371984,
    274.0544130377114,
    274.05940208938296,
    274.06439114105444,
    274.0683724225607,
    274.0715504265407,
    274.0747284305207,
    274.0764417281423,
    274.07782418333016,
    274.0790676881256,
    274.078596655879,
    274.07812562363245,
    274.0770072656737,
    274.0745991648225,
    274.0721910639712,
    274.0685987234751,
    274.06419503487047,
    274.0597913462659,
    274.05376531078093,
    274.04745918297766,
    274.04094849585374,
    274.0328202243285,
    274.0246919528032,
    274.0158890246454,
    274.0059469211033,
    273.9960048175612,
    273.984892478642,
    273.9730984057175,
    273.961304332793,
    273.9478496771306,
    273.9341942168629,
    273.92025891633756,
    273.90477088941986,
    273.8892828625022,
    273.8730507244305,
    273.85576395897016,
    273.8384771935098,
    273.8200149011392,
    273.8009869135625,
    273.78195892598586,
    273.7614202744289,
    273.7407801277857,
    273.7198454718427,
    273.6977291990947,
    273.6756129263467,
    273.65283941849265,
    273.6293023149835,
    273.6057652114743,
    273.58129029636683,
    273.5564618913438,
    273.53163348632086,
    273.50568217687123,
    273.4797202073813,
    273.45350666792,
    273.42656059627086,
    273.39961452462165,
    273.3722955254729,
    273.3446342043496,
    273.3169728832263,
    273.2889398778539,
    273.26080681814216,
    273.23265090091337,
    273.2041035681252,
    273.175556235337,
    273.146893108949,
    273.1179875271613,
    273.08908194537355,
    273.06001700980596,
    273.03084227343265,
    273.00166753705935,
    272.97232980169997,
    272.94296590049333,
    272.9135781518984,
    272.884033726787,
    272.85448930167564,
    272.8248638694026,
    272.79511859793075,
    272.765373326459,
    272.73549377849946,
    272.7055496867025,
    272.6756055949055,
    272.64549751756186,
    272.61538048481714,
    272.58523383344607,
    272.5549833149187,
    272.5247327963913,
    272.49442471729,
    272.46405823782555,
    272.43369175836114,
    272.4032226625,
    272.37272320805096,
    272.34221649036,
    272.31156522815843,
    272.2809139659569,
    272.2502103611521,
    272.21939795801825,
    272.1885855548844,
    272.1576695322256,
    272.12668518700184,
    272.09570084177807,
    272.06453891407745,
    272.0333530682559,
    272.0021297616586,
    271.97071095516,
    271.9392921486613,
    271.9077560330787,
    271.876071314857,
    271.8443865966352,
    271.8124864878621,
    271.78050359799255,
    271.7485192295926,
    271.7162040110171,
    271.6838887924417,
    271.65146781182,
    271.6187845985395,
    271.586101385259,
    271.5531894578954,
    271.52010586003985,
    271.4870222621843,
    271.45352274268487,
    271.41995323405524,
    271.3863098965413,
    271.3522189790746,
    271.3181280616079,
    271.2838076800316,
    271.2491808130394,
    271.21455394604715,
    271.1795283569521,
    271.1443443252598,
    271.10915794908084,
    271.0733958881425,
    271.0376338272042,
    271.0016917787242,
    270.96531635947906,
    270.92894094023393,
    270.89220812536485,
    270.8552205323384,
    270.81823293931194,
    270.78076494104437,
    270.74322842386886,
    270.7056146894037,
    270.6676173000524,
    270.6296199107011,
    270.5913885457395,
    270.5528835499364,
    270.5143785541333,
    270.47537935954756,
    270.43622011471274,
    270.39701593825,
    270.3569730301141,
    270.3169301219782,
    270.27655981846846,
    270.2355744860346,
    270.19458915360076,
    270.15302642957374,
    270.11114597188697,
    270.0692655142002,
    270.026505297419,
    269.98369269800116,
    269.94064911254816,
    269.89688872646855,
    269.8531283403889,
    269.8088523451545,
    269.7641455156003,
    269.71943868604615,
    269.67392377245653,
    269.62826295049865,
    269.5824576422671,
    269.53583704646735,
    269.4892164506676,
    269.44215796798886,
    269.39457556264364,
    269.34699315729847,
    269.2986839937038,
    269.2501469278165,
    269.2015448932695,
    269.1520603342041,
    269.1025757751388,
    269.05273752988245,
    269.00231526881737,
    268.9518930077523,
    268.9008405058719,
    268.84950105328693,
    268.7981616007019,
    268.74591575622946,
    268.6936685219432,
    268.6411477410369,
    268.588021467006,
    268.5348951929751,
    268.481229093962,
    268.42723954609943,
    268.3732499982369,
    268.3184816433532,
    268.2636643663674,
    268.208634773097,
    268.1529943350561,
    268.09735389701524,
    268.04125003985024,
    267.98480567301823,
    267.92836130618616,
    267.8713841217599,
    267.81434539691,
    267.7570513015173,
    267.6988411414117,
    267.6406309813062,
    267.58206977554477,
    267.5232108248682,
    267.4643518741916,
    267.39175257874774,
    267.3170219557918,
    267.24236700974404,
    267.1680302522096,
    267.09369349467505,
    267.0193732176516,
    266.94506811888726,
    266.870763020123,
    266.7964444361645,
    266.72212349071754,
    266.64780878951166,
    266.57352189619394,
    266.4992350028763,
    266.4249712231585,
    266.3507289724081,
    266.2764867216577,
    266.2022769762033,
    266.12807278327017,
    266.0538743438274,
    265.9797000494064,
    265.90552575498543,
    265.83136283171683,
    265.7572098819926,
    265.68305693226836,
    265.60891680545177,
    265.53477851021125,
    265.4606425363257,
    265.38651482816545,
    265.3123871200052,
    265.2382630934445,
    265.16414189588164,
    265.09002069831877,
    265.01590065645917,
    264.9417807238138,
    264.8676597453271,
    264.79353584823315,
    264.71941195113925,
    264.6452823497699,
    264.5711491911957,
    264.49701603262145,
    264.42287029012755,
    264.34872415825305,
    264.2745726799934,
    264.20041014906997,
    264.1262476181465,
    264.0520725580043,
    263.9778917097773,
    263.9037099754762,
    263.8295089717959,
    263.7553079681156,
    263.6810989257398,
    263.60687811602367,
    263.5326573063076,
    263.4584221268289,
    263.3841826487071,
    263.30994089747713,
    263.23568465095093,
    263.1614284044247,
    263.08716561884034,
    263.0128963808768,
    262.93862714291316,
    262.86434994146975,
    262.7900715822466,
    262.7157924783054,
    262.6415110763367,
    262.56722967436804,
    262.492949957445,
    262.4186712803765,
    262.34439260330805,
    262.2701223803916,
    262.19585220872875,
    262.12158776395745,
    262.0473330075523,
    261.9730782511472,
    261.89883855145644,
    261.82460384423234,
    261.75037272171164,
    261.6761650860152,
    261.60195745031876,
    261.52776420761353,
    261.45358447693803,
    261.3794047462625,
    261.3052433770737,
    261.23108402325823,
    261.15692603376647,
    261.0827714115508,
    261.0086167893351,
    260.93446022217046,
    260.8603027293,
    260.78614501273944,
    260.71198426136186,
    260.6378235099843,
    260.5636643043608,
    260.4895069009237,
    260.41534949748655,
    260.34120058566117,
    260.26705309434124,
    260.19290910998546,
    260.11877544695216,
    260.04464178391885,
    259.97051970401264,
    259.89640379412253,
    259.82228899456857,
    259.7481939442875,
    259.6740988940064,
    259.60001483879296,
    259.52594390420427,
    259.45187296961564,
    259.37782447770405,
    259.30377962248195,
    259.2297421784872,
    259.15572507048637,
    259.0817079624856,
    259.00771070933064,
    258.93372299144625,
    258.85973773921114,
    258.7857787106828,
    258.7118196821544,
    258.63787484753607,
    258.5639443071059,
    258.49001376667576,
    258.4161088793752,
    258.34220645356595,
    258.268312171314,
    258.19443453050303,
    258.12055688969207,
    258.0466957764041,
    257.9728402727637,
    257.89898776488707,
    257.82515025047275,
    257.75131273605837,
    257.6774837830341,
    257.6036608196508,
    257.5298380005306,
    257.4560269479066,
    257.38221589528257,
    257.30840889828636,
    257.2346071102688,
    257.16080532225135,
    257.08700923122785,
    257.01321402707,
    256.93942020950385,
    256.86562970985113,
    256.7918392101984,
    256.71805045503237,
    256.6442623580123,
    256.57047421870374,
    256.4966858562254,
    256.42289749374703,
    256.34910829456913,
    256.27531852451983,
    256.2015286751248,
    256.12773638167516,
    256.0539440882256,
    255.98015134129204,
    255.90635808370104,
    255.83256482611,
    255.7587750168106,
    255.68498554378496,
    255.61119895534605,
    255.53741763478553,
    255.463636314225,
    255.38986062034988,
    255.31608634724105,
    255.24231341844256,
    255.16854463558653,
    255.09477585273052,
    255.02101039773183,
    254.94724641564864,
    254.8734830146454,
    254.79972308441262,
    254.72596315417985,
    254.65220542378108,
    254.57844918758204,
    254.50469319712232,
    254.43094192655846,
    254.35719065599457,
    254.28344248014704,
    254.20969733358703,
    254.13595218702702,
    254.06221343796756,
    253.98847493420672,
    253.91473907584253,
    253.84100683075357,
    253.76727458566458,
    253.69354758522022,
    253.61982127195375,
    253.5460970331571,
    253.47237668955358,
    253.39865634595006,
    253.32494061126803,
    253.25122593864776,
    253.17751253163925,
    253.1038023822111,
    253.03009223278292,
    252.9563860672126,
    252.88268123842008,
    252.80897742507005,
    252.7352772209012,
    252.66157701673234,
    252.58788005909776,
    252.5141845447378,
    252.44048994108053,
    252.3667998867652,
    252.2931098324499,
    252.21942311532044,
    252.14573824944017,
    252.0720541146173,
    251.99837526775065,
    251.924696420884,
    251.85102169566875,
    251.7773497002247,
    251.7036783137128,
    251.6300136065049,
    251.556348899297,
    251.48268860890644,
    251.40903168629637,
    251.33537526182076,
    251.2617277273457,
    251.1880801928706,
    251.114437788611,
    251.0407997441136,
    250.96716203316964,
    250.8935351163937,
    250.81990819961774,
    250.7462869139208,
    250.67267080110688,
    250.59905486033375,
    250.52545079435419,
    250.45184672837462,
    250.37824903906701,
    250.3046574959604,
    250.2310660256413,
    250.15748668291454,
    250.08390734018775,
    250.01033417733757,
    249.93676708239468,
    249.86320005128084,
    249.7896456814303,
    249.71609131157976,
    249.6425430151021,
    249.5690006172304,
    249.4954583526996,
    249.421927631935,
    249.34839691117043,
    249.27487204838388,
    249.2013526501623,
    249.12783348746356,
    249.05432345024437,
    248.98081341302517,
    248.90730843662902,
    248.83380786280134,
    248.7603076899023,
    248.68681578911563,
    248.61332388832895,
    248.5398364300542,
    248.46635246935728,
    248.39286871573506,
    248.3193875305414,
    248.24590634534775,
    248.17242276904676,
    248.0989375416591,
    248.02545040643093,
    247.9519478806437,
    247.87844535485647,
    247.8049280619349,
    247.73140212839107,
    247.65787261112715,
    247.58432329477,
    247.51077397841286,
    247.43721071421606,
    247.36364081009475,
    247.2900669688331,
    247.2164777196762,
    247.14288847051927,
    247.06928742047108,
    246.99568203623375,
    246.92207328741415,
    246.84845501497063,
    246.77483674252707,
    246.70121150076338,
    246.62758443483528,
    246.55395635004047,
    246.48032615747874,
    246.40669596491702,
    246.3330669730465,
    246.2594381750239,
    246.1858122081987,
    246.11219052486365,
    246.0385688415286,
    245.96495769693027,
    245.89134726461128,
    245.81774455447456,
    245.7441503024653,
    245.6705564417391,
    245.59698211858137,
    245.52340779542362,
    245.44984638404148,
    245.37629496149285,
    245.3027463259665,
    245.22922028451646,
    245.15569424306645,
    245.08218553246954,
    245.00868584568306,
    244.93519171212822,
    244.86171882717008,
    244.78824594221197,
    244.71479350992007,
    244.64134758631434,
    244.56790969865358,
    244.49448954904275,
    244.42106939943193,
    244.34767028198,
    244.2742743972117,
    244.20088761617893,
    244.1275132248401,
    244.05413883350127,
    243.9807819889791,
    243.90742546363285,
    243.83407758115837,
    243.7607369873142,
    243.68739776252937,
    243.6140702500779,
    243.54074273762643,
    243.46742267134653,
    243.3941062958552,
    243.32079196296138,
    243.2474843043008,
    243.1741766456402,
    243.10087339606682,
    243.02757123611823,
    242.95426989754145,
    242.88096995073374,
    242.80767000392603,
    242.7343691252109,
    242.66106818933767,
    242.58776568145467,
    242.51446169352047,
    242.44115714075735,
    242.36784685588646,
    242.29453657101556,
    242.22122073047217,
    242.14790210512828,
    242.0745810354507,
    242.00125240452482,
    241.92792377359893,
    241.8545845724156,
    241.78124311755374,
    241.70789526018646,
    241.6345380354514,
    241.56118081071637,
    241.48780801880304,
    241.41443506179522,
    241.34105378089615,
    241.2676663422164,
    241.19427676265573,
    241.1208760956786,
    241.04747542870143,
    240.97406637490553,
    240.9006545353948,
    240.82724003230092,
    240.75382038757846,
    240.68040074285597,
    240.60697576912153,
    240.53355041648433,
    240.4601240388768,
    240.38669674407367,
    240.31326952136604,
    240.23984280967107,
    240.16641609797608,
    240.09299285630834,
    240.01957095541616,
    239.9461515552466,
    239.87273745154465,
    239.7993233478427,
    239.72591836595558,
    239.65251415679234,
    239.57911693348592,
    239.50572603457024,
    239.43233714111443,
    239.3589617222787,
    239.285586303443,
    239.21222357090332,
    239.13886538862522,
    239.0655134469465,
    238.99217339403504,
    238.9188333411236,
    238.8455122692914,
    238.77219210862341,
    238.69888325658602,
    238.62558307879644,
    238.55228657167035,
    238.47900685614104,
    238.40572714061173,
    238.33246278135772,
    238.2592023914514,
    238.18594980693607,
    238.11270838180877,
    238.03946748187784,
    237.96624339912253,
    237.8930193163672,
    237.81980577461138,
    237.74659789036187,
    237.6733940975323,
    237.6002012037382,
    237.5270083099441,
    237.45382780243278,
    237.3806487191898,
    237.30747886145093,
    237.23431743315467,
    237.16115980395165,
    237.08802371037524,
    237.01488761679883,
    236.94178712368512,
    236.86869672433446,
    236.79562668273047,
    236.72258593872158,
    236.64954697319018,
    236.57654798728223,
    236.50354900137424,
    236.43057349771334,
    236.35760920128752,
    236.28465301504394,
    236.2117146305714,
    236.1387762460989,
    236.065856148234,
    235.99293699709128,
    235.92002399689542,
    235.84711526603516,
    235.7742071903068,
    235.7013012892066,
    235.6283953881064,
    235.55548528229002,
    235.48257457284896,
    235.40965722108484,
    235.33673371653842,
    235.26380703553338,
    235.190864339391,
    235.1179216432486,
    235.0449567574311,
    234.9719867882457,
    234.89900060960642,
    234.8259956629837,
    234.75298551759983,
    234.6799353466618,
    234.6068851757238,
    234.53379494748495,
    234.46069263204666,
    234.387566245893,
    234.31440704666866,
    234.2412431635137,
    234.16802528900493,
    234.09480741449616,
    234.0215467694751,
    233.94827095714302,
    233.87497323841143,
    233.8016424284028,
    233.7283086134682,
    233.65492782963616,
    233.58154704580414,
    233.50813407415126,
    233.4347088111151,
    233.3612685826779,
    233.28780483877614,
    233.21433941777408,
    233.14084565220625,
    233.0673518866384,
    232.9938435591207,
    232.92032969524192,
    232.8468114450237,
    232.77328647426674,
    232.69976147830812,
    232.62623613150726,
    232.55271078470642,
    232.47919192204284,
    232.40567532780807,
    232.3321656226038,
    232.25866557481615,
    232.18516780914734,
    232.1116921505281,
    232.0382164919089,
    231.96476605444684,
    231.89132304444797,
    231.81789528470298,
    231.7444859293227,
    231.67108055945053,
    231.5977006219732,
    231.52432068449585,
    231.45096071951144,
    231.3776051530285,
    231.30426018639824,
    231.23092559904606,
    231.15759540590858,
    231.08428362290044,
    231.01097183989233,
    230.93768101550725,
    230.8643929999069,
    230.79112036992657,
    230.7178592219668,
    230.644605003957,
    230.57136999097233,
    230.49813497798763,
    230.4249259379404,
    230.35171799803481,
    230.27852672721508,
    230.20534422635293,
    230.13217012341605,
    230.05901142390312,
    229.98585381085803,
    229.9127159664558,
    229.83957812205358,
    229.76645471821536,
    229.6933360501703,
    229.62022437555538,
    229.54712105525513,
    229.47401964094396,
    229.40092823538393,
    229.32783682982392,
    229.25475357322094,
    229.18167157807449,
    229.10859248460275,
    229.0355155480934,
    228.96243907416354,
    228.88936377255737,
    228.81628847095124,
    228.74321175490903,
    228.6701350302502,
    228.5970545839314,
    228.52397259244714,
    228.45088727465276,
    228.3777973816501,
    228.30470598887575,
    228.23160514775537,
    228.158504306635,
    228.08539224836528,
    228.0122782827985,
    227.93915527949852,
    227.86602556960224,
    227.79289081880734,
    227.7197440241886,
    227.64659691212697,
    227.5734322253368,
    227.50026753854664,
    227.42708887806765,
    227.3539053612236,
    227.28071303194932,
    227.20751068967152,
    227.13430474860778,
    227.06108402595285,
    226.98786330329796,
    226.91462680435154,
    226.84138902882734,
    226.76814062649387,
    226.69488665519458,
    226.62162708907562,
    226.5483587284001,
    226.4750889234867,
    226.40180883486528,
    226.32852874624385,
    226.25524084549141,
    226.18195166382964,
    226.10865865089275,
    226.0353630493189,
    225.96206605261975,
    225.88876629993726,
    225.81546626359182,
    225.74216282917394,
    225.66885939475605,
    225.5955551449819,
    225.52225071581705,
    225.4489467255922,
    225.37564307478362,
    225.30234052115253,
    225.22904041127097,
    225.15574060898138,
    225.0824458549522,
    225.00915110092302,
    224.93586282548281,
    224.86257610286845,
    224.78929466333508,
    224.71601741657227,
    224.64274339836416,
    224.56947656451374,
    224.49621045970142,
    224.42295497787214,
    224.34969949604286,
    224.2764530248093,
    224.2032085310558,
    224.12997041098362,
    224.05673695409885,
    223.98350692792175,
    223.9102836636395,
    223.83706122839817,
    223.7638464822144,
    223.6906317360306,
    223.61742355464818,
    223.5442164445826,
    223.47101247025824,
    223.39781038768294,
    223.32460956795745,
    223.25141072869778,
    223.1782121379663,
    223.10501488515476,
    223.03181763234323,
    222.95861929832733,
    222.88542087737363,
    222.81221985871238,
    222.73901770611187,
    222.66581315688177,
    222.59260588668963,
    222.51939705701992,
    222.44618334605917,
    222.3729694997924,
    222.29974808786247,
    222.22652667593252,
    222.15329913553222,
    222.0800700113519,
    222.00683542576098,
    221.93359677595865,
    221.86035477570297,
    221.78710665235138,
    221.71385724685237,
    221.64059966911233,
    221.56734209137232,
    221.49407791603588,
    221.42081316066034,
    221.3475446384435,
    221.27427453536563,
    221.20100424480515,
    221.12773376004753,
    221.05446357583236,
    220.98119416580312,
    220.90792483079767,
    220.83465649707264,
    220.76138816334762,
    220.68812042494505,
    220.61485278234326,
    220.5415850208318,
    220.46831719659986,
    220.39504929058867,
    220.32178128446017,
    220.24851281095383,
    220.17524290584186,
    220.10197289643932,
    220.0287006350649,
    219.9554283736905,
    219.88215338104297,
    219.80887788362045,
    219.73559975019617,
    219.66232016836184,
    219.58903835908473,
    219.5157538092388,
    219.44246788563254,
    219.36917790465884,
    219.29588755006435,
    219.22259125109866,
    219.14929495213298,
    219.07599246333848,
    219.00268902449793,
    218.92938041792985,
    218.85606933842138,
    218.7827536711591,
    218.70943317813158,
    218.63610944542106,
    218.56277815255018,
    218.48944568835597,
    218.4161041383541,
    218.34276258835223,
    218.26940971808529,
    218.19605599599097,
    218.1226942912815,
    218.04932988928903,
    217.97595913054386,
    217.9025835067985,
    217.82920392744114,
    217.75581808490537,
    217.6824301964668,
    217.60903457965406,
    217.5356386407219,
    217.46223330277897,
    217.38882796483603,
    217.31541505873298,
    217.2420009057721,
    217.16858103955894,
    217.0951585529697,
    217.02173179254657,
    216.94830099391925,
    216.87486781677103,
    216.801430111388,
    216.72799111807777,
    216.6545461020297,
    216.5811010204252,
    216.5076491448562,
    216.4341972692872,
    216.36074040151001,
    216.2872826147424,
    216.2138205040188,
    216.1403563687713,
    216.06688944823787,
    215.993419949007,
    215.91994852127468,
    215.8464736501735,
    215.77299770816623,
    215.699517491355,
    215.62603704597169,
    215.55255154376803,
    215.47906604156438,
    215.40557587066309,
    215.33208510941276,
    215.25859150608176,
    215.18509687188467,
    215.1116000220165,
    215.0381015775182,
    214.9646021053466,
    214.89110127502718,
    214.81759951936493,
    214.74409540266504,
    214.67059103231338,
    214.59708502233676,
    214.52357901236013,
    214.45007030932845,
    214.37656157347726,
    214.30305053491148,
    214.22953906917616,
    214.15602571196496,
    214.08251154665882,
    214.00899510402138,
    213.935476867472,
    213.86195694874615,
    213.78843470373155,
    213.71491107478573,
    213.64138391374124,
    213.567855971215,
    213.4943234185218,
    213.42079080816535,
    213.34725245609303,
    213.2737141040207,
    213.20017066124072,
    213.12662650125287,
    213.05307701279165,
    212.97952569712882,
    212.9059702887,
    212.83241231114624,
    212.75885086534413,
    212.6852857459809,
    212.61171791894472,
    212.5381452460182,
    212.46457070191545,
    212.39098999349963,
    212.31740841684723,
    212.24381973044228,
    212.17023104403734,
    212.09663497619326,
    212.02303880624373,
    211.94943495516176,
    211.87582990984603,
    211.8022192638929,
    211.72860671194607,
    211.65498893025583,
    211.58136805468158,
    211.5077428927467,
    211.43411364646974,
    211.36048145881185,
    211.28684481080478,
    211.2132058061664,
    211.13956086810154,
    211.06591465987063,
    210.99226236739227,
    210.91860955802633,
    210.8449490215959,
    210.77128848516546,
    210.6976214291422,
    210.6239540604973,
    210.55028011881532,
    210.47660499290996,
    210.4029245073745,
    210.32924215814091,
    210.25555549584183,
    210.181866388309,
    210.10817369101153,
    210.0344778853693,
    209.96077916018254,
    209.88707664655206,
    209.81337188698984,
    209.73966269060998,
    209.66595202878014,
    209.59223668720884,
    209.51852046922204,
    209.4447989733934,
    209.37107720697054,
    209.29735006081395,
    209.22362291465734,
    209.14989043227607,
    209.07615769795814,
    209.0024193048878,
    208.9286800171741,
    208.85493607737496,
    208.78119077606053,
    208.7074400344037,
    208.63368679381162,
    208.55992768947937,
    208.486164650413,
    208.41239606501026,
    208.3386222177851,
    208.2648425305833,
    208.19105508395842,
    208.11726240755846,
    208.04345989960544,
    207.96965286741928,
    207.8958333875032,
    207.82201054779378,
    207.74817314372214,
    207.67433376771845,
    207.60047841300292,
    207.52662245195165,
    207.4527491556549,
    207.37887585935817,
    207.30498764051865,
    207.23109878807733,
    207.157197934427,
    207.08329554085182,
    207.00938285562466,
    206.93546783140403,
    206.8615437716265,
    206.7876166172691,
    206.71368260251307,
    206.6397453068979,
    206.5658018199129,
    206.49185436803438,
    206.41790247414139,
    206.34394686078576,
    206.26998753620632,
    206.19602419832788,
    206.12205787355586,
    206.04808739264777,
    205.9741146894014,
    205.90013799019687,
    205.82615975623565,
    205.75217790932834,
    205.67819470603672,
    205.60420721747164,
    205.53021888062804,
    205.45622678745926,
    205.382234092235,
    205.3082373516042,
    205.23424026370708,
    205.16023897693162,
    205.08623757748612,
    205.01223173783364,
    204.93822589818117,
    204.86421517406478,
    204.79020432277818,
    204.71618843834418,
    204.6421721518106,
    204.56815194034684,
    204.49413118823557,
    204.42010592398466,
    204.34607975744657,
    204.2720497546399,
    204.1980187277221,
    204.12398443182803,
    204.04994902727634,
    203.97590917036902,
    203.90186745675516,
    203.8278222360898,
    203.75377525807144,
    203.67972373442973,
    203.60566952005885,
    203.5316104794843,
    203.45754810801617,
    203.3834811891208,
    203.30941064846516,
    203.23533507434493,
    203.1612549124542,
    203.08716955197508,
    203.01307880607865,
    202.93898275653186,
    202.86488049825428,
    202.79077324680537,
    202.71665942252338,
    202.6425403469171,
    202.56841353186417,
    202.4942818094704,
    202.42014202099213,
    202.34599746097524,
    202.27184418549737,
    202.19768613865136,
    202.12351844014637,
    202.04934641513873,
    201.97516473053204,
    201.90097888130154,
    201.82678280465757,
    201.75258281354283,
    201.67837228670516,
    201.6041581039801,
    201.52993317912342,
    201.4557048249785,
    201.38146551757484,
    201.30722308878248,
    201.23296987435975,
    201.15871360249417,
    201.08444596310935,
    201.01017554288893,
    200.9358940656097,
    200.86160973731432,
    200.7873133685675,
    200.71301427763726,
    200.63870306933194,
    200.56438940818342,
    200.4900643357406,
    200.41573671781362,
    200.34139683657335,
    200.26705462050268,
    200.1927008702735,
    200.11834473946183,
    200.04397667407224,
    199.96960648751173,
    199.89522562355256,
    199.82084262342102,
    199.74644894183788,
    199.67205318725476,
    199.59764724447825,
    199.5232392644906,
    199.44882154361258,
    199.374401815156,
    199.29997283769086,
    199.2255418721805,
    199.15110216082527,
    199.07666036872195,
    199.0022099074797,
    198.9277573816665,
    198.8532967696754,
    198.77883396700597,
    198.7043631516711,
    198.6298899141756,
    198.55540845170012,
    198.48092453312333,
    198.40643291160387,
    198.33193868942737,
    198.25743696885726,
    198.18293218184874,
    198.1084193001224,
    198.0339033196548,
    197.95937987812982,
    197.88485280276848,
    197.81031777475263,
    197.7357788688412,
    197.6612322747539,
    197.58668154260053,
    197.5121234029244,
    197.4375604464653,
    197.36298973075927,
    197.28841387813497,
    197.21383060542834,
    197.1392418747569,
    197.06464610198768,
    196.99004402699043,
    196.91543472001962,
    196.8408187069847,
    196.76619588351124,
    196.69156566288362,
    196.6169288321687,
    196.54228385995688,
    196.4676325301833,
    196.39297254010557,
    196.31830668960941,
    196.24363133872598,
    196.1689504742164,
    196.094259209906,
    196.01956283700864,
    195.94485546560745,
    195.8701435992629,
    195.79541970220654,
    195.7206918084614,
    195.6459508436642,
    195.5712064637797,
    195.49644830410872,
    195.42168745166916,
    195.3469115690443,
    195.27213366920003,
    195.1973394810273,
    195.12254403424805,
    195.04773200557608,
    194.9729191229002,
    194.89808920837908,
    194.82325794548106,
    194.7484104824234,
    194.67356075730586,
    194.5986957963377,
    194.52382753124655,
    194.44894453191554,
    194.3740573554751,
    194.29915684389388,
    194.22425132748103,
    194.14933386955545,
    194.07441039681655,
    193.99947592852791,
    193.92453464820449,
    193.84958369845546,
    193.77462544327483,
    193.69965909704158,
    193.62468474622662,
    193.5497034969627,
    193.47471389629212,
    193.39971875549915,
    193.32471441671515,
    193.2497054799358,
    193.17468710865555,
    193.09966531293682,
    193.02463369642572,
    192.94959965716194,
    192.87455492554477,
    192.79950862435163,
    192.72445077559283,
    192.64939204532854,
    192.57432184015497,
    192.49925057314078,
    192.42416860984642,
    192.34908471804582,
    192.27399113514423,
    192.19889458754483,
    192.12378880805537,
    192.04867911250895,
    191.97356115720984,
    191.8984385295786,
    191.8233089405368,
    191.74817349028024,
    191.67303176757474,
    191.5978832121382,
    191.52272941597653,
    191.44756773177414,
    191.37240180473762,
    191.29722696486104,
    191.22204892798746,
    191.14686054144175,
    191.07166993198857,
    190.99646784129226,
    190.92126461761006,
    190.84604940899305,
    190.77083292661484,
    190.69560407971375,
    190.62037289797058,
    190.5451315207231,
    190.46988603114653,
    190.39463000405263,
    190.31936729527723,
    190.2440935220603,
    190.16881008303295,
    190.09351590722224,
    190.0182049128763,
    189.94288135586245,
    189.8675299150425,
    189.79216489684623,
    189.71676893012364,
    189.64136392990224,
    189.56592477173317,
    189.49048082399295,
    189.41500014907749,
    189.339515693401,
    189.26399895739945,
    189.18847564874636,
    189.1129251196706,
    189.03736514395288,
    188.96178345635113,
    188.88618951174024,
    188.8105781670467,
    188.7349526665183,
    188.65931434964733,
    188.58366049516601,
    188.5079978169607,
    188.43231918188664,
    188.35663528985728,
    188.28093486997983,
    188.205231936936,
    188.12951283366016,
    188.05379206076105,
    187.97805897850424,
    187.90232341043216,
    187.8265792320242,
    187.7508319778334,
    187.67507889814866,
    187.5993226600442,
    187.52356283858612,
    187.4477996468616,
    187.37203414051947,
    187.29626572288507,
    187.22049616537296,
    187.14472460049566,
    187.068952669743,
    186.99317950457387,
    186.91740623039638,
    186.84163229934308,
    186.7658580877368,
    186.6900829676327,
    186.6143080163444,
    186.53853335396278,
    186.46275811263035,
    186.3869822994842,
    186.3112061449914,
    186.2354297974883,
    186.15965139903378,
    186.08387240824206,
    186.00809152554663,
    185.9323102383981,
    185.85652499526594,
    185.78073872944003,
    185.7049482605107,
    185.6291552907545,
    185.5533574327449,
    185.4775558022534,
    185.40175012732962,
    185.32593781397253,
    185.25012157108858,
    185.17429590006523,
    185.0984674939275,
    185.02262591708845,
    184.94678212635984,
    184.8709241345456,
    184.79506208121867,
    184.7191859945681,
    184.64330268213854,
    184.5674074308463,
    184.49150059162926,
    184.415583518284,
    184.33965107111314,
    184.26371160003592,
    184.1877509258651,
    184.11178627329087,
    184.03579601019874,
    183.9598013441097,
    183.88378372386504,
    183.8077569595608,
    183.7317109349116,
    183.65565058551834,
    183.57957498262417,
    183.50347988218311,
    183.4273741939177,
    183.35124488877264,
    183.27511016017047,
    183.19894960829086,
    183.12278527568782,
    183.04660220777126,
    182.97041373098466,
    182.89421360732737,
    182.8180075520487,
    182.74179527043992,
    182.66557392301678,
    182.5893479058459,
    182.51310950831007,
    182.43686851712883,
    182.36061332090188,
    182.2843552932552,
    182.20808477648785,
    182.13180828384756,
    182.05552128291396,
    181.97922536286563,
    181.90292189451617,
    181.82660535548584,
    181.7502837864831,
    181.6739453701011,
    181.59760358752638,
    181.52124530950837,
    181.44488166040892,
    181.36850362865084,
    181.29211704235956,
    181.21572033005256,
    181.13931088543688,
    181.062894444128,
    180.9864615556166,
    180.91002488846053,
    180.8335678348996,
    180.7571061613297,
    180.68062771170614,
    180.60414006463827,
    180.5276391209411,
    180.45112489636264,
    180.37460193598284,
    180.2980596539762,
    180.22151250942812,
    180.14494128203305,
    180.06836524023703,
    179.99176965866377,
    179.91516409079452,
    179.83854318700776,
    179.76190682131272,
    179.68525995747825,
    179.6085924422748,
    179.53191964919827,
    179.4552209165333,
    179.37851669011357,
    179.3017914912157,
    179.22505529227945,
    179.14830354369792,
    179.07153524418473,
    178.9947569051128,
    178.91795651764878,
    178.8411505601533,
    178.76431964856968,
    178.68748196792518,
    178.61062451558428,
    178.53375535284263,
    178.45687291346272,
    178.3799726872822,
    178.3030642304187,
    178.22613278771544,
    178.14919591690534,
    178.07223750774412,
    177.99527106652386,
    177.91828881225067,
    177.84129295894965,
    177.76428630374804,
    177.6872614503317,
    177.61023138630858,
    177.53317919584097,
    177.456121846017,
    177.37904692209986,
    177.30196243315424,
    177.2248663895819,
    177.14775563319085,
    177.0706379598638,
    176.99350115018356,
    176.91635964352466,
    176.83920091577122,
    176.7620350115158,
    176.68485690619355,
    176.6076667804997,
    176.53046874509377,
    176.4532544716333,
    176.3760356699039,
    176.29879938340284,
    176.2215574520381,
    176.14430293471636,
    176.0670381268696,
    175.9897648263846,
    175.91247712537373,
    175.83518500479548,
    175.75787466369536,
    175.68055936866543,
    175.60323072691997,
    175.5258924323496,
    175.448545024006,
    175.37118377559005,
    175.29381803033388,
    175.2164330457568,
    175.13904314818248,
    175.0616387827928,
    174.9842246839623,
    174.90680095197118,
    174.82936221625386,
    174.75191845790243,
    174.6744537014213,
    174.59698365214413,
    174.51949838007485,
    174.44200232924612,
    174.36449602528694,
    174.28697258622472,
    174.209443413616,
    174.13189260649614,
    174.0543353181096,
    173.97676169974872,
    173.89917533906586,
    173.82157829891202,
    173.7439624398791,
    173.66634036024533,
    173.58869534935272,
    173.51104217611118,
    173.43337256982903,
    173.355688306583,
    173.27799415630273,
    173.20027823389478,
    173.1225557098243,
    173.0448123120934,
    172.96705880814199,
    172.88929021835762,
    172.81150509582827,
    172.73371189850843,
    172.65589539565718,
    172.57807203793996,
    172.50022897603517,
    172.42237346518283,
    172.3445051000763,
    172.2666178204313,
    172.18872367903015,
    172.11080539629177,
    172.03287872731147,
    171.95493457787583,
    171.87697550350086,
    171.7990066561271,
    171.7210148673807,
    171.64301585363532,
    171.56499579176662,
    171.48696427565827,
    171.4089189064252,
    171.3308552606904,
    171.25278448442384,
    171.17468842740112,
    171.09658479330997,
    171.01846452499734,
    170.94032897128375,
    170.8621833293892,
    170.78401607502323,
    170.70584163654914,
    170.62764697789558,
    170.54944128097844,
    170.47122356835555,
    170.3929879932788,
    170.31474550246747,
    170.2364804907438,
    170.15820657566405,
    170.07991731699784,
    170.00161110120115,
    169.923296381034,
    169.84495479283163,
    169.7666046516424,
    169.68823367810347,
    169.60984482717538,
    169.53144251003167,
    169.45301269984319,
    169.37457297561158,
    169.29610605188094,
    169.21762322483028,
    169.13912362615565,
    169.0605985230538,
    168.9820635520314,
    168.9035003647027,
    168.82492457549802,
    168.74633102322753,
    168.66771625391766,
    168.58909238532215,
    168.51044161333442,
    168.4317810920469,
    168.35310287703268,
    168.27440660889928,
    168.19570150195233,
    168.11697162155122,
    168.03823371442093,
    167.95947836162128,
    167.8807076699741,
    167.80192787131557,
    167.72312644925472,
    167.64431751435444,
    167.56549155056933,
    167.48665241187967,
    167.4078043242496,
    167.3289363390452,
    167.25006132218425,
    167.17117012539853,
    167.09226682671692,
    167.0133545992122,
    166.93442398494068,
    166.8554866331583,
    166.77653368000614,
    166.69756916229343,
    166.61859582172053,
    166.5396041791708,
    166.46060571824987,
    166.38159164846942,
    166.30256593869447,
    166.22353147974252,
    166.14447801652477,
    166.0654173125757,
    165.98634036188383,
    165.90725110034361,
    165.82815315474176,
    165.74903463082842,
    165.66990852567534,
    165.59076626643795,
    165.51160960700892,
    165.43244388196413,
    165.35325576179173,
    165.27405917022529,
    165.1948454789969,
    165.11561530469424,
    165.03637631810844,
    164.95711213183583,
    164.8778386349014,
    164.79854799983863,
    164.7192383319851,
    164.63991907872872,
    164.56057364543855,
    164.4812165668723,
    164.40184278115822,
    164.32244684365568,
    164.2430405041611,
    164.16360819624018,
    164.08416105293824,
    164.0046979144719,
    163.92520881803097,
    163.84570846905612,
    163.7661830088207,
    163.6866394621248,
    163.60708189869086,
    163.52749567052922,
    163.44789761435075,
    163.36827630301582,
    163.28863385369252,
    163.20897960693344,
    163.12929449072763,
    163.04959671256807,
    162.96987938420767,
    162.89013740400034,
    162.810383430986,
    162.73060147504086,
    162.65080317510257,
    162.5709889505978,
    162.49114619033026,
    162.4112912839238,
    162.3314122692484,
    162.2515131961905,
    162.1716021238252,
    162.09165887628888,
    162.01170304159515,
    161.9317273658861,
    161.85172720805568,
    161.7717147012967,
    161.69167401343688,
    161.61161629762142,
    161.53154364438592,
    161.45144172909423,
    161.37132731011044,
    161.29119015101693,
    161.21103139489284,
    161.13086046769277,
    161.05066050792314,
    160.970446200022,
    160.8902154603764,
    160.8099583086568,
    160.72968906391694,
    160.64939661614176,
    160.56908475251268,
    160.48876095674677,
    160.40840804923042,
    160.32804203249069,
    160.24765877203188,
    160.16725091194016,
    160.0868312204633,
    160.00638855806554,
    159.92592726542097,
    159.84545407505283,
    159.76495259617582,
    159.68443859095123,
    159.603907971139,
    159.5233535512223,
    159.4427874232834,
    159.36219905845755,
    159.28159230387087,
    159.20097391986351,
    159.12032845452146,
    159.03966952435843,
    158.9589947853755,
    158.878295725209,
    158.7975848021948,
    158.716852837081,
    158.6361014197897,
    158.55533826766435,
    158.47454899321642,
    158.39374439067032,
    158.3129257605977,
    158.23207963352735,
    158.15122146160604,
    158.07034476348568,
    157.98944487773016,
    157.9085323901333,
    157.82759568909873,
    157.74664048347745,
    157.6656725860252,
    157.58467579023826,
    157.50366475561492,
    157.42263720434246,
    157.3415818188698,
    157.26051325188476,
    157.179423610021,
    157.09831062536315,
    157.01718404250053,
    156.9360308858578,
    156.8548584242021,
    156.77367211511702,
    156.69245470261632,
    156.6112217121828,
    156.52997089393972,
    156.44869109698365,
    156.36739707256515,
    156.28608125077142,
    156.20473999018589,
    156.12338404964214,
    156.04200114248735,
    155.96059517115742,
    155.87917344740032,
    155.7977182587922,
    155.71624207256573,
    155.63474741727248,
    155.5532136916789,
    155.47166051690178,
    155.3900817980829,
    155.30846436157734,
    155.22682713405277,
    155.14515956633366,
    155.06345893236005,
    154.9817391458206,
    154.89998646922464,
    154.81820537522157,
    154.7364050481574,
    154.65456827691727,
    154.5727086185634,
    154.4908305519811,
    154.4089127540517,
    154.32697656917512,
    154.24502007589504,
    154.16302760238443,
    154.08101790255301,
    153.99898539230793,
    153.9169215813498,
    153.83484100046033,
    153.752735474482,
    153.6706034506299,
    153.5884553971271,
    153.50628068329766,
    153.42408327405283,
    153.3418706649301,
    153.2596305031479,
    153.17737064738176,
    153.09509622491169,
    153.0127938278338,
    152.9304743553476,
    152.8481408682841,
    152.76578006542368,
    152.68340457080012,
    152.60101520180476,
    152.51859951462959,
    152.4361712099225,
    152.35372861208702,
    152.27126159905785,
    152.18878246918086,
    152.1062885466531,
    152.02377138663448,
    151.94124223094963,
    151.85869758095123,
    151.77613130216622,
    151.6935525802041,
    151.61095659329402,
    151.5283398247866,
    151.44571075839633,
    151.36306403427355,
    151.28039620608567,
    151.19771537393538,
    151.1150152623966,
    151.03229467283816,
    150.9495606429644,
    150.86680569657977,
    150.78402985678406,
    150.7012400483862,
    150.61842831377564,
    150.53559504809547,
    150.4527470744489,
    150.36987581391432,
    150.28698230667746,
    150.20407333935333,
    150.12113980179342,
    150.0381827236489,
    149.9552093806912,
    149.87221080153424,
    149.78918766631216,
    149.70614721799865,
    149.6230795937991,
    149.53998613358343,
    149.45687453357854,
    149.37373495744836,
    149.2905676889348,
    149.20738097076804,
    149.1241646216683,
    149.04091897982707,
    148.95765323694425,
    148.87435801201067,
    148.79103099946434,
    148.70768287905102,
    148.62430520793802,
    148.54089410176357,
    148.45746118870986,
    148.37399888708913,
    148.29050180653363,
    148.20698247972754,
    148.1234345896499,
    148.03984924643228,
    147.956241553552,
    147.8726073384057,
    147.78893440070064,
    147.70523844869712,
    147.6215169421041,
    147.53775404744525,
    147.45396852042674,
    147.37016022139744,
    147.28630893168202,
    147.20243450307234,
    147.1185369523355,
    147.03459910877103,
    146.95063609475713,
    146.86665018932138,
    146.7826264150867,
    146.69857514961168,
    146.61450124246664,
    146.5303927274995,
    146.4462542284975,
    146.3620933289542,
    146.277901212017,
    146.1936765332648,
    146.10942994424852,
    146.02515611231286,
    145.94084707892526,
    145.85651617833435,
    145.77216115679883,
    145.68776938693972,
    145.60335610187394,
    145.518921232637,
    145.4344485834363,
    145.34995460868933,
    145.26544056109313,
    145.18089522674612,
    145.0963287594721,
    145.01174557738966,
    144.92713990307308,
    144.8425141788267,
    144.75787518528813,
    144.6732208298884,
    144.58854972935652,
    144.5038689411264,
    144.41917843247117,
    144.33447248811967,
    144.24975707776304,
    144.1650320989701,
    144.0802911818236,
    143.99553778406306,
    143.91077326353374,
    143.82599213415205,
    143.74119242225115,
    143.65637901781312,
    143.57154936155024,
    143.48669493477746,
    143.40182435061834,
    143.31693731532795,
    143.23201914957096,
    143.14708151021222,
    143.06212488567215,
    142.97713853100808,
    142.89212455799387,
    142.8070888441042,
    142.72202648282973,
    142.6369273810258,
    142.55180345729286,
    142.46665438165857,
    142.38146225505395,
    142.2962409428727,
    142.21099179016954,
    142.12570288183548,
    142.04037554574222,
    141.9550180992476,
    141.8696257971813,
    141.78418358282468,
    141.69870891175557,
    141.61320147991069,
    141.5276421811525,
    141.4420439642942,
    141.35641137669202,
    141.27073445349535,
    141.18500738731532,
    141.0992444559985,
    141.01344522527188,
    140.92758590846867,
    140.8416886776884,
    140.75575476452067,
    140.66977123776766,
    140.58373766262565,
    140.4976671343366,
    140.41155896966205,
    140.32538943789098,
    140.23918285843888,
    140.1529392444725,
    140.06664522313753,
    139.98030415710997,
    139.8939268992646,
    139.8075122921824,
    139.72103906301453,
    139.63453103908978,
    139.54798817840071,
    139.46139848449255,
    139.3747646533004,
    139.28809704846822,
    139.20139558991488,
    139.11464152067893,
    139.0278552820459,
    138.9410374778586,
    138.85418021405138,
    138.76728210984894,
    138.6803540808393,
    138.5933962284383,
    138.5063951420977,
    138.41936284243164,
    138.33230298334897,
    138.2452125349247,
    138.15808328234274,
    138.07092806688843,
    137.9837472086179,
    137.89653237627485,
    137.8092869899765,
    137.72201794345,
    137.6347258269114,
    137.54739651463413,
    137.4600440427098,
    137.37266904160245,
    137.28526781424407,
    137.19783555969437,
    137.11038177500097,
    137.02290648228993,
    136.9354019103111,
    136.8478719091643,
    136.76032062996924,
    136.67274776012542,
    136.58514334367175,
    136.49751631751806,
    136.40986797706069,
    136.32219643079048,
    136.23449376048896,
    136.1467688635225,
    136.05902189379702,
    135.9712487330281,
    135.88344464260476,
    135.79561790453388,
    135.70776835720562,
    135.61988740707116,
    135.5319770043278,
    135.44404213083277,
    135.35608256156715,
    135.26808779424772,
    135.18006362692736,
    135.0920129055169,
    135.00393535870955,
    134.91581673392122,
    134.8276692596753,
    134.7394933522356,
    134.65128746798314,
    134.56303747977563,
    134.47475691820176,
    134.38644529530154,
    134.2980993396997,
    134.2097077775091,
    134.1212835260224,
    134.0328260297321,
    133.94433050074105,
    133.85578756951105,
    133.76720922383026,
    133.67859522290615,
    133.58994054357868,
    133.50123620923588,
    133.41249462668912,
    133.3237155640755,
    133.23489358242256,
    133.14601913575405,
    133.0571059413389,
    132.9681537027742,
    132.87915688789488,
    132.790105575892,
    132.70101409925834,
    132.61188234469788,
    132.52270619037714,
    132.43347345546164,
    132.34420007745538,
    132.25488559604995,
    132.16552707363337,
    132.07610984901956,
    131.98665160612947,
    131.89715230399418,
    131.8076118806692,
    131.71801113257945,
    131.62836827207158,
    131.53868260093878,
    131.4489533636171,
    131.35916442219784,
    131.2693264839846,
    131.17944168948807,
    131.0895086670477,
    130.99951088009556,
    130.9094527148395,
    130.819343824172,
    130.7291853814926,
    130.63897149673573,
    130.54869733675653,
    130.45837647811945,
    130.36800917582266,
    130.2775935040389,
    130.18711649344857,
    130.0965962122031,
    130.00603287256675,
    129.91542676504207,
    129.82476541887874,
    129.7340605824326,
    129.64331649257485,
    129.55253367326335,
    129.46170635943696,
    129.37083298647593,
    129.27992389886379,
    129.18897976292362,
    129.09800112999173,
    129.00697610322754,
    128.91591867659,
    128.8248294138461,
    128.73370888486636,
    128.64255126987808,
    128.55135827535082,
    128.46013619843737,
    128.36888520114948,
    128.27760485293692,
    128.18628586158596,
    128.0949383860448,
    128.0035630117155,
    127.91216012753848,
    127.8207247097264,
    127.72925526970897,
    127.63775857636236,
    127.54623476471494,
    127.45468369901097,
    127.36309578692308,
    127.2714796926025,
    127.17983566826247,
    127.088163626444,
    126.99646293781912,
    126.90472489096916,
    126.8129586981684,
    126.72116399669932,
    126.62934035139318,
    126.5374824886341,
    126.44558927051243,
    126.3536654854415,
    126.26171064965753,
    126.16972437214476,
    126.0776985237464,
    125.98563597545791,
    125.89353973682083,
    125.80140946621152,
    125.7092449289394,
    125.61703372709562,
    125.52478403196659,
    125.4324969202548,
    125.34017181267237,
    125.24780858870223,
    125.15539367732542,
    125.06293637799475,
    124.97043839357949,
    124.87789868921017,
    124.7853156405565,
    124.69267758702355,
    124.59999283478314,
    124.50726328336316,
    124.41448808628441,
    124.32166594655371,
    124.22878495560425,
    124.13585303505991,
    124.04287239916026,
    123.94984260603604,
    123.85676342220485,
    123.76362425097734,
    123.67042780783206,
    123.57718037261586,
    123.48388103472826,
    123.39052892257233,
    123.29711859180388,
    123.2036444587275,
    123.1101162822207,
    123.01653394425637,
    122.92289730098776,
    122.82920512925702,
    122.73544646171591,
    122.64163558720055,
    122.54777365914015,
    122.45386165017958,
    122.35990068841902,
    122.26588637561903,
    122.1718235054278,
    122.07771921517002,
    121.9835739788784,
    121.8893878416312,
    121.79516000159128,
    121.70088150743125,
    121.60656107596145,
    121.51219859190394,
    121.41779341273481,
    121.32334457943435,
    121.2288459568607,
    121.13429654750234,
    121.03970263384133,
    120.94506368468046,
    120.85037958242428,
    120.75565060708642,
    120.66086698693668,
    120.56603481390164,
    120.47115588942408,
    120.37622979045275,
    120.28125639970312,
    120.18623546818607,
    120.09115652221958,
    119.99602553240497,
    119.90084481691346,
    119.80561384581557,
    119.71033216251936,
    119.6149996300801,
    119.5196056883544,
    119.42415654994761,
    119.32865544645662,
    119.23310158432176,
    119.1374942517753,
    119.04183326777806,
    118.9461101867694,
    118.85032821107704,
    118.75449046339101,
    118.65859734887309,
    118.56264872283062,
    118.46664366677109,
    118.37057879429267,
    118.27444750870136,
    118.17825868800362,
    118.08201213113779,
    117.98570770453249,
    117.88934525563535,
    117.79292452934747,
    117.696435625737,
    117.5998838574676,
    117.50327343712105,
    117.40660376115798,
    117.30987440974603,
    117.21308531356118,
    117.11623624718584,
    117.01931561608907,
    116.92233462252278,
    116.82529376137713,
    116.72819305611739,
    116.63103205307272,
    116.53381037519284,
    116.43652890997049,
    116.33917440198918,
    116.2417614073256,
    116.14428867040455,
    116.0467561799581,
    115.94916401637849,
    115.85151166909701,
    115.75379786262774,
    115.65601065050537,
    115.55815647891504,
    115.46023495020953,
    115.36224404868547,
    115.26418142775132,
    115.16604442808641,
    115.06783078527616,
    114.96953628954186,
    114.87115518915817,
    114.77269617148481,
    114.67416121047151,
    114.57554989231252,
    114.4768623817922,
    114.37810031514515,
    114.27926506874871,
    114.18035015548122,
    114.08135837358074,
    113.98229589000874,
    113.88316370014296,
    113.78396328978208,
    113.68469540389984,
    113.58536073237472,
    113.48596118933163,
    113.38649459859347,
    113.28695749863495,
    113.18735888938598,
    113.0876987029364,
    112.9879787524571,
    112.8882003095462,
    112.78836392185245,
    112.68847029197255,
    112.58852051876248,
    112.48851109975527,
    112.38844462255761,
    112.28832395689206,
    112.18815017256173,
    112.08792391695222,
    111.98764576014187,
    111.88731662316295,
    111.7869371704557,
    111.68650679199209,
    111.5860262273174,
    111.48549088622606,
    111.3849065259453,
    111.28427376036177,
    111.18359201557317,
    111.08286184833435,
    110.98208307735612,
    110.88125502877621,
    110.7803781412207,
    110.6794521992606,
    110.57847508594803,
    110.47744328329482,
    110.37636072235613,
    110.27522709366711,
    110.17404113454492,
    110.07280230588151,
    109.97151006950364,
    109.8701635753146,
    109.76876216757638,
    109.66730523949792,
    109.56579067920775,
    109.4642167726195,
    109.3625786730161,
    109.26088176226887,
    109.15912292941528,
    109.05730230427962,
    108.9554187084952,
    108.85347100470369,
    108.75145787900533,
    108.64937821167723,
    108.54723143946565,
    108.44501598299185,
    108.34273078646561,
    108.24037409657532,
    108.13793845392615,
    108.03542932094217,
    107.9328457072798,
    107.83018589357057,
    107.72744947483389,
    107.62463502519712,
    107.52174120848098,
    107.41876786795167,
    107.3157138281303,
    107.21257741277299,
    107.109359312485,
    107.00605832123775,
    106.90267274510397,
    106.79920232116805,
    106.69564275985303,
    106.59199504608203,
    106.48826089726572,
    106.3844393410926,
    106.2805307270722,
    106.17653429229767,
    106.07244953631627,
    105.96827575378161,
    105.86401277830676,
    105.7596610801876,
    105.65522016474459,
    105.55068911918265,
    105.44606817130759,
    105.34135728239322,
    105.2365567298627,
    105.13166567982556,
    105.0266854920975,
    104.92161585717639,
    104.81645342626243,
    104.71119969735422,
    104.60585660526792,
    104.50042497342608,
    104.39490443982618,
    104.28929554095694,
    104.18359816764851,
    104.07781347336734,
    103.97194097404498,
    103.86598135427789,
    103.75993501025563,
    103.65380225448062,
    103.54758369475013,
    103.44127995754721,
    103.33489085878368,
    103.22841646255863,
    103.12185795833953,
    103.01521558668178,
    102.90848948780952,
    102.8016801393347,
    102.69478737136241,
    102.58781201035704,
    102.48075454419352,
    102.37361478810556,
    102.26639346436966,
    102.15909030529586,
    102.05170603213227,
    101.94424040981414,
    101.83669421082439,
    101.72906700340774,
    101.62135880866958,
    101.51356919994282,
    101.40569905751312,
    101.2977480169098,
    101.18971508235221,
    101.08160083732638,
    100.97340616733068,
    100.86512890733704,
    100.75677064365084,
    100.64833033731394,
    100.53980674644859,
    100.4312015155735,
    100.32251357006376,
    100.21374257693682,
    100.10488836541849,
    99.99594964672974,
    99.88692718783747,
    99.77781977982696,
    99.66862716088804,
    99.55934916173847,
    99.44998447002543,
    99.34053282501047,
    99.23099310131435,
    99.12136388918466,
    99.01164590635418,
    98.90183793545478,
    98.79193776579466,
    98.68194558744821,
    98.57185973974188,
    98.46168055058685,
    98.35140586541937,
    98.24103612642323,
    98.13056937634882,
    98.0200061314348,
    97.90934504432978,
    97.79858559679543,
    97.68772568302646,
    97.57676506559112,
    97.46570340869131,
    97.35453988199176,
    97.2432728029558,
    97.13190233837295,
    97.0204274703801,
    96.90884711988333,
    96.79716037362701,
    96.68536737717824,
    96.57346642729449,
    96.46145727317577,
    96.34933901867811,
    96.23711134704689,
    96.12477326681888,
    96.01232406475516,
    95.89976311991275,
    95.78709045729511,
    95.67430525333992,
    95.56140608603782,
    95.44839312244592,
    95.33526626962853,
    95.22202515943432,
    95.10866535104921,
    94.99518702098786,
    94.88159310675194,
    94.76788240842501,
    94.65405512547845,
    94.5401104272193,
    94.42604841490567,
    94.31186826393882,
    94.19757032342274,
    94.08315480609514,
    93.96862067365785,
    93.85396789990264,
    93.73919622043113,
    93.62430559213598,
    93.50929603351803,
    93.39416810858071,
    93.27891902683025,
    93.16354489913486,
    93.04805143818419,
    92.93243826746875,
    92.81670599084666,
    92.70085463264623,
    92.58488410376111,
    92.46879383931137,
    92.35258417504913,
    92.23625530741157,
    92.1198065467953,
    92.00323897309144,
    91.88655175685952,
    91.76973961267639,
    91.65280480699006,
    91.53575138095134,
    91.4185796214946,
    91.30128831699608,
    91.18387766706911,
    91.06634854097317,
    90.94870027126701,
    90.83093303384868,
    90.71304669132795,
    90.59503758252343,
    90.47690287255718,
    90.35864869589392,
    90.24027412424577,
    90.12178005459316,
    90.00316638429277,
    89.88443271147747,
    89.76557920983285,
    89.64660544555048,
    89.52750744355978,
    89.40828035928672,
    89.28893082660495,
    89.16945895243677,
    89.04986396416643,
    88.93014570432776,
    88.81030302134683,
    88.69033463101734,
    88.57024082310531,
    88.45000842703122,
    88.32964883863481,
    88.20916140260614,
    88.0885443286402,
    87.96779716284225,
    87.84691922160282,
    87.72590948134241,
    87.60475753941631,
    87.4834663904349,
    87.36204087483459,
    87.24047925191361,
    87.11878186214697,
    86.99694652120286,
    86.87497297763932,
    86.75284766231513,
    86.63057769314652,
    86.508166764275,
    86.38561384129963,
    86.26291776337658,
    86.14007698546116,
    86.0170843718962,
    85.8939350018226,
    85.77063802348887,
    85.64719326261617,
    85.52359930880208,
    85.39985575569476,
    85.27595380519273,
    85.15188775171013,
    85.02766975482538,
    84.90329790778651,
    84.7787716546273,
    84.65409008667393,
    84.52923704170843,
    84.40422150260943,
    84.27904808742038,
    84.15371513631327,
    84.0282225448263,
    83.90255818899091,
    83.77671939331364,
    83.65071607432911,
    83.52454800706715,
    83.39821475398777,
    83.27170903594583,
    83.14501912868398,
    83.01816157159237,
    82.8911366002405,
    82.76394277505958,
    82.63656863219809,
    82.50901153841117,
    82.38128373474066,
    82.253385941962,
    82.12531679555757,
    81.99705852478115,
    81.86862131610837,
    81.7400128027936,
    81.61123169494084,
    81.4822727604199,
    81.35311998085461,
    81.22379472242325,
    81.09429608340236,
    80.9646233504524,
    80.83475221191317,
    80.70470375588044,
    80.57448120942196,
    80.44408373757919,
    80.31348973551533,
    80.18271302773061,
    80.05176012423628,
    79.92063126310603,
    79.78930517670423,
    79.65779323143076,
    79.52610369152953,
    79.39423635102953,
    79.26216748081949,
    79.12991273094258,
    78.99747908355914,
    78.86486622430166,
    78.73204118892387,
    78.59903570173896,
    78.46584836056773,
    78.33246936785473,
    78.19888604734923,
    78.06511925548631,
    77.93116837669284,
    77.79700867033104,
    77.66265497139682,
    77.52811482296931,
    77.39337796280263,
    77.25842882047665,
    77.12329040973074,
    76.98796212130988,
    76.85241235138317,
    76.71666672735711,
    76.58072790066772,
    76.444574745234,
    76.30821110039159,
    76.17165191745995,
    76.03488203971851,
    75.89788910730945,
    75.7606982484245,
    75.62329775572086,
    75.48566450869959,
    75.34782899339267,
    75.20978335488385,
    75.07149797474788,
    74.93300597856853,
    74.79430026241012,
    74.65534848371531,
    74.51618717446092,
    74.37680537329398,
    74.23717468531808,
    74.09733007154276,
    73.95725513150879,
    73.81693210210558,
    73.67639100978697,
    73.53560575313492,
    73.39457545555473,
    73.25332308231451,
    73.1118110172585,
    72.97006033914593,
    72.82807978943227,
    72.68582443783109,
    72.54333889398399,
    72.40060208320676,
    72.25760099713122,
    72.11436556287782,
    71.97085353053622,
    71.82709348638991,
    71.68308258146081,
    71.53878972426094,
    71.39425493019559,
    71.24943845987917,
    71.1043617508158,
    70.95902487864227,
    70.81339782820609,
    70.66752191262206,
    70.52134915235679,
    70.37491329887104,
    70.22819981138936,
    70.08119723650388,
    69.93393452414283,
    69.78635854517864,
    69.63852452920139,
    69.4903831318353,
    69.34196721910803,
    69.19325693088672,
    69.04425160412556,
    68.89496443034513,
    68.74536378004274,
    68.59549134099231,
    68.44529020619423,
    68.29481781591217,
    68.14401577218959,
    67.99293344177055,
    67.84152675721765,
    67.68982864600244,
    67.53780971820696,
    67.38548972028704,
    67.23285015979668,
    67.07990059822346,
    66.92663260805386,
    66.77304844045709,
    66.61914363601144,
    66.46491802161623,
    66.31036622799213,
    66.15549143416,
    66.0002849164853,
    65.84475331701688,
    65.68888100582751,
    65.53268557105973,
    65.37613844735769,
    65.2192723048755,
    65.06204326588232,
    64.90450232807116,
    64.7465862550599,
    64.58835817846212,
    64.42976407631289,
    64.27084648484697,
    64.11157841912384,
    63.9519713350628,
    63.79202870125583,
    63.63172822524671,
    63.47110888339158,
    63.31010964951112,
    63.14878357765304,
    62.987091941557914,
    62.825043523349386,
    62.66264681744624,
    62.49985733700353,
    62.33672108956075,
    62.17319482736342,
    62.00929392985151,
    61.84502690388011,
    61.6803426731346,
    61.515288835534115,
    61.349836282221275,
    61.18397250897015,
    61.017724696688624,
    60.85104843925214,
    60.68396263789553,
    60.516476922240884,
    60.348539479663266,
    60.180185436046514,
    60.011416311898344,
    59.84217716229828,
    59.6725085032032,
    59.502408379158325,
    59.33182701165874,
    59.16079614496744,
    58.98931685274803,
    58.8173517564212,
    58.64490977408117,
    58.47200247168261,
    58.298612000471394,
    58.12470903181673,
    57.95032367543942,
    57.775450041237086,
    57.600053023241784,
    57.42413977350211,
    57.247721291142874,
    57.07079029368857,
    56.89330979334284,
    56.71529580114028,
    56.53675284281891,
    56.35767434286009,
    56.178034746548654,
    55.99782940477975,
    55.817071400191324,
    55.63575370738807,
    55.45387239538993,
    55.27139475465981,
    55.08833171523971,
    54.90468567666166,
    54.72045233568547,
    54.535623980572524,
    54.35019211424617,
    54.164129320534435,
    53.97745340256205,
    53.79016004533623,
    53.60224209158302,
    53.41369512107509,
    53.224510293140206,
    53.03468277147426,
    52.84419040124077,
    52.653038747213564,
    52.461226884424136,
    52.268747243072035,
    52.075593844911516,
    51.881758942140976,
    51.687237360337335,
    51.492021968819806,
    51.296105160187984,
    51.0994797531416,
    50.90213963032769,
    50.7040760144169,
    50.505283311901486,
    50.305751859793794,
    50.1054757895331,
    49.9044466152715,
    49.702655358157386,
    49.500095591042246,
    49.29675647374873,
    49.09263231014075,
    48.88771228510382,
    48.68198851510375,
    48.475450521851236,
    48.26809071082226,
    48.059898464394315,
    47.85086427147927,
    47.64097782268442,
    47.43022865474852,
    47.218606854348664,
    47.00609990386171,
    46.79267315721375,
    46.5783379423856,
    46.363082054991814,
    46.14689509988732,
    45.92976324927486,
    45.71167510824983,
    45.49258966878,
    45.27250788702447,
    45.051427363077885,
    44.829335219350625,
    44.606213153078784,
    44.38200173956346,
    44.15673335652903,
    43.93039094292281,
    43.702945080813905,
    43.47434805621294,
    43.244627407056484,
    43.013768768000936,
    42.78168129321285,
    42.548417069452945,
    42.313952389321216,
    42.07820010592376,
    41.84121372742189,
    41.60293569584182,
    41.36333284054954,
    41.12243241801141,
    40.88012048572123,
    40.63646899220688,
    40.391371459052785,
    40.144866984982656,
    39.89687123157467,
    39.64740898833786,
    39.39639517172636,
    39.1438660510231,
    38.88970510132239,
    38.63397268157345,
    38.37655352677427,
    38.11746709471147,
    37.856680095779154,
    37.59409627793364,
    37.32974801785537,
    37.06357920927357,
    36.79549817475494,
    36.525525746011716,
    36.25361357033515,
    35.97968782323672,
    35.703695541429795,
    35.42562130571937,
    35.14541083479891,
    34.86301186717713,
    34.57836629627395,
    34.29140851427725,
    34.0020757750752,
    33.71032459441343,
    33.41609124270758,
    33.119309833136256,
    32.81991226482349,
    32.51782748357215,
    32.21297730555646,
    31.905263096209943,
    31.59462484910733,
    31.28098259504833,
    30.96425146232084,
    30.644343685732363,
    30.321100459026603,
    29.994462124504928,
    29.66434875365128,
    29.33057232719622,
    28.99305849163296,
    28.651679080676857,
    28.306256551057178,
    27.95668841824229,
    27.602801277325007,
    27.24439960655521,
    26.881371567427404,
    26.51348639276967,
    26.140510186899434,
    25.76227761470882,
    25.378547473939125,
    24.989064776739397,
    24.593556357682246,
    24.1917339504803,
    23.783289220513723,
    23.367892146228428,
    22.945063147453098,
    22.514518057126836,
    22.07576748151423,
    21.628298594626763,
    21.171560925109443,
    20.704995738330833,
    20.227893810977587,
    19.739479742358707,
    19.238895024388018,
    18.725197774213655,
    18.197342592556854,
    17.6539048117721,
    17.093575896784618,
    16.514572531105845,
    15.914852618753834,
    15.292065813135155,
    14.643193646073643,
    13.964706458228283,
    13.252088901390428,
    12.499430870621548,
    11.699206316616674,
    10.840783752554799,
    9.90924531760642,
    8.881806302174851,
    7.720084999387546,
    6.351790785815556,
    4.594367988623268,
    1.4148330732395,